InputID,TargetID,Distance
QILN,2436,5.15483860562
QILN,2435,5.15483860562
QILN,2434,5.15483860562
QILN,2550,5.25866513956
QILN,2551,5.25866513956
QILN,2552,5.25866513956
QILN,2448,5.45565019498
QILN,2447,5.45565019498
QILN,2446,5.45565019498
QILN,2450,5.47636549639
QILN,2449,5.47636549639
QILN,2451,5.47636549639
KJKQ,12955,0.447182096354
KJKQ,12919,3.29786091691
KJKQ,12920,3.29786091691
KJKQ,12910,3.29786091691
KJKQ,2231,4.68661242555
KJKQ,2548,4.82406919802
KJKQ,2547,4.82406919802
KJKQ,2549,4.82406919802
KJKQ,2546,5.10852720726
KJKQ,2545,5.10852720726
KJKQ,2544,5.10852720726
FALL,314,0.473683449151
FALL,7564,0.790891907912
FALL,7558,1.16233214272
FALL,1151,1.4450591718
FALL,115,1.49244229704
FALL,7561,1.52053675062
FALL,7559,1.66589075572
FALL,7562,1.88647237192
FALL,6517,2.61840142262
FALL,1150,2.78178000748
MANA,6965,0.489566443703
MANA,6963,0.563044672118
MANA,3213,0.866098898972
MANA,3216,1.02091454236
MANA,6967,1.09351877112
MANA,3215,1.35587731849
MANA,6961,1.49748699587
MANA,6966,1.72267794518
MANA,3232,1.82677292043
MANA,3214,2.1931029394
EPLO,3162,0.396820315004
EPLO,111,0.426199908963
EPLO,3157,0.47976490326
EPLO,3160,0.529736880347
EPLO,3159,0.742451589264
EPLO,12794,0.821416558392
EPLO,3166,0.856601635768
EPLO,3167,0.870601150011
EPLO,3168,1.13231018824
EPLO,3164,1.31529706242
MANN,2545,2.54474728394
MANN,2544,2.54474728394
MANN,2546,2.54474728394
MANN,2549,3.26286917634
MANN,2548,3.26286917634
MANN,2547,3.26286917634
MANN,2543,3.59798213187
MANN,2542,3.59798213187
MANN,2541,3.59798213187
MANN,2550,3.99939874289
MANN,2551,3.99939874289
MANN,2552,3.99939874289
EDB,3309,0.723832667127
EDB,3310,2.06618337279
EDB,101,2.12355921274
EDB,3319,2.28744917539
EDB,2430,2.52828632279
EDB,1089,2.90434221985
EDB,3320,3.02479151844
EDB,3217,3.16893731872
EDB,1430,3.23187804999
EDB,3210,3.32370421819
CLWO,3188,0.682027717399
CLWO,7839,1.26362668827
CLWO,3187,1.57755538961
CLWO,3184,1.63086161501
CLWO,12950,1.66199928017
CLWO,7840,1.76627336709
CLWO,3183,2.10970467301
CLWO,3186,2.19058234433
CLWO,7841,2.29371323563
CLWO,7845,2.34241004252
DREO,12950,0.723929855166
DREO,3218,1.2078831215
DREO,7823,1.41590989657
DREO,7824,1.42504204682
DREO,12486,1.50699304418
DREO,3209,1.63818022061
DREO,7825,1.64328963826
DREO,3788,1.81067435924
DREO,8387,1.94184016726
DREO,7826,1.95800818058
DORN,2548,4.21347211512
DORN,2547,4.21347211512
DORN,2549,4.21347211512
DORN,3446,5.04771926042
DORN,2546,5.70165612553
DORN,2545,5.70165612553
DORN,2544,5.70165612553
DORN,12910,6.65788325623
DORN,12920,6.65788325623
DORN,12919,6.65788325623
SNB,12681,0.30590462566
SNB,1644,0.696854102377
SNB,3315,0.821947467908
SNB,3314,0.897595476816
SNB,2301,0.900480782693
SNB,2299,0.975961904994
SNB,3210,1.02009883835
SNB,3321,1.02258380586
SNB,2567,1.09408118529
SNB,2566,1.09408118529
PACB,3309,1.19553152652
PACB,2430,1.98327976617
PACB,101,2.53026532816
PACB,3310,2.62541189738
PACB,1089,2.67633567231
PACB,100,2.76458894429
PACB,3319,2.89810535193
PACB,1430,2.98774540932
PACB,1508,3.02102360648
PACB,1087,3.1268175244
WSLR,3322,0.243745133285
WSLR,3306,0.381722006177
WSLR,3321,0.91300694959
WSLR,3315,0.972451381818
WSLR,13076,0.989851347425
WSLR,3314,0.99951572774
WSLR,2567,1.03294999395
WSLR,2566,1.03294999395
WSLR,3210,1.04864564558
WSLR,3320,1.2535835393
SNKN,12919,1.64563193895
SNKN,12910,1.64563193895
SNKN,12920,1.64563193895
SNKN,12955,2.31915227583
SNKN,2545,3.38252986365
SNKN,2544,3.38252986365
SNKN,2546,3.38252986365
SNKN,2549,4.07609787401
SNKN,2548,4.07609787401
SNKN,2547,4.07609787401
CODG,97,0.64750405713
CODG,304,0.840567370292
CODG,5234,1.10478916722
CODG,3208,1.53413425227
CODG,5236,1.56384011459
CODG,5235,1.5662510348
CODG,7551,1.72921181583
CODG,7545,1.93610679044
CODG,7552,2.03550718594
CODG,3220,2.05549660764
BOXN,2416,3.38677203043
BOXN,2415,3.95910057792
BOXN,2417,4.80350236662
BOXN,12797,4.95954376794
BOXN,297,5.10377283841
BOXN,120,5.31527254109
BOXN,12798,5.53794189082
BOXN,12799,5.72504633921
BOXN,3507,8.3220218088
BOXN,3506,8.62398731366
A54,2407,0.190670238894
A54,2234,0.554596375754
A54,13090,0.587580751897
A54,13091,0.675322989391
A54,12953,0.895350847434
A54,2409,0.915236111613
A54,2408,0.927400204874
A54,12669,1.01440777797
A54,12801,1.03619744258
A54,12674,1.80496181123
ELEF,7565,2.70706333795
ELEF,122,3.07284651858
ELEF,7566,3.34242723861
ELEF,3233,4.56795153191
ELEF,3324,6.18708098993
ELEF,3325,6.45987369259
ELEF,3234,8.14255629437
ELEF,13074,8.87430689775
ELEF,319,9.99749089722
ELEF,4271,10.3549541871
NSKO,2163,1.98660608348
NSKO,2165,2.44422002506
NSKO,2153,2.96609459237
NSKO,2152,3.12748811843
NSKO,3178,3.46330315319
NSKO,2154,3.47560992214
NSKO,2164,3.48759073443
NSKO,3018,3.52727338477
NSKO,2166,3.64465432255
NSKO,3154,3.80765076273
IGLN,3519,6.85904200672
IGLN,3520,7.29399323073
IGLN,2550,7.39457890958
IGLN,2551,7.39457890958
IGLN,2552,7.39457890958
IGLN,3521,7.86658866663
IGLN,3516,8.79026491353
IGLN,3511,8.97083035454
IGLN,1415,9.53628686911
IGLN,2543,9.67283915146
IGLN,2542,9.67283915146
IGLN,2541,9.67283915146
RDLO,3172,0.0912032016982
RDLO,12795,0.361635761506
RDLO,3167,0.482491475572
RDLO,3177,0.53276451083
RDLO,3173,0.588113954944
RDLO,3166,0.628679587707
RDLO,12794,0.720011961012
RDLO,3168,0.755220513493
RDLO,111,0.978405858527
RDLO,3162,1.0581672949
BMSB,3319,0.0502753418686
BMSB,3310,0.41465360242
BMSB,101,1.17225748451
BMSB,3320,1.34886901143
BMSB,3210,1.51535263553
BMSB,3314,1.58179885257
BMSB,2297,1.59376021095
BMSB,3321,1.65042649336
BMSB,3309,1.68548141787
BMSB,12681,1.69568794594
SNPN,2415,2.8019617562
SNPN,2416,2.89161769313
SNPN,2417,3.57221915386
SNPN,12797,3.72886675589
SNPN,297,3.86691599123
SNPN,120,4.07842284262
SNPN,12798,4.30494451569
SNPN,12799,4.49517742511
SNPN,2414,7.54226109885
SNPN,3507,8.99466584611
HBDB,2567,0.182220165734
HBDB,2566,0.182220165734
HBDB,3315,0.297554345961
HBDB,3211,0.376724022064
HBDB,3322,1.25115410274
HBDB,12681,1.34130182614
HBDB,1644,1.41748657447
HBDB,3314,1.52276938136
HBDB,3306,1.54539916811
HBDB,3321,1.56218135593
CBB,101,0.36663002523
CBB,3310,0.810655028603
CBB,3309,1.03793861832
CBB,3319,1.25979505294
CBB,3320,1.30798836975
CBB,3210,1.62231106
CBB,3321,1.70842166206
CBB,3314,1.74804736074
CBB,3217,1.75729666687
CBB,13076,1.82282746726
ATKO,13106,0.57880896028
ATKO,13105,1.78238907439
ATKO,2152,1.92650663443
ATKO,2153,2.20914368308
ATKO,3162,2.23458806327
ATKO,12794,2.44164264636
ATKO,3157,2.44266203403
ATKO,3160,2.46505959614
ATKO,3166,2.53382789717
ATKO,111,2.67262676266
WTRB,3309,0.406644453669
WTRB,101,1.04336413188
WTRB,3310,1.24808481751
WTRB,3319,1.6257468166
WTRB,3320,1.98241032879
WTRB,3217,2.13343636223
WTRB,3210,2.29459079395
WTRB,3305,2.32317750327
WTRB,3321,2.38403811037
WTRB,3314,2.41869276918
B2NU,1415,2.5744354954
B2NU,1416,3.59086871384
B2NU,1417,3.98199423907
B2NU,1418,4.7857076927
B2NU,1419,5.49073019916
B2NU,3521,6.05270634675
B2NU,3520,6.84491826978
B2NU,1420,7.52419843704
B2NU,3519,7.71981593822
B2NU,3511,7.92345998412
WAGN,2436,2.79756431869
WAGN,2435,2.79756431869
WAGN,2434,2.79756431869
WAGN,2433,2.95519558019
WAGN,2432,2.95519558019
WAGN,2431,2.95519558019
WAGN,2446,3.52242951912
WAGN,2447,3.52242951912
WAGN,2448,3.52242951912
WAGN,2450,4.16474951434
WAGN,2449,4.16474951434
WAGN,2451,4.16474951434
UWOO,12950,2.16914424601
UWOO,3188,2.31506603793
UWOO,3187,2.3434450623
UWOO,3186,2.61283653526
UWOO,7839,2.80332280696
UWOO,3184,3.09028716465
UWOO,7840,3.19368920842
UWOO,7844,3.40887822604
UWOO,3183,3.45226979826
UWOO,7841,3.57109825684
INK,12680,0.0064538023335
INK,3295,0.721517874737
INK,3294,2.08576738961
INK,121,2.73758409251
INK,3448,7.24058349386
INK,3449,7.76556938489
INK,114,8.89529219911
INK,7312,9.46977464059
INK,7313,10.0735726594
INK,7314,10.7508802237
LZB,12681,0.375558051438
LZB,2297,0.732604838914
LZB,2299,0.777733791217
LZB,1644,0.881905805628
LZB,3314,0.896857764643
LZB,2301,0.91752811946
LZB,3210,0.958396499368
LZB,3321,1.0456308383
LZB,3320,1.12285076925
LZB,3319,1.29021465268
RDEA,3213,1.5893133651
RDEA,6963,1.88279764513
RDEA,6965,1.98276245993
RDEA,6961,1.98357933355
RDEA,6962,2.50131704758
RDEA,3215,2.51258969442
RDEA,1409,2.7327315954
RDEA,3216,3.35957095066
RDEA,6967,3.38245132596
RDEA,6966,3.54171243504
EKTN,2415,3.85969769289
EKTN,2416,4.07123640685
EKTN,12797,4.35551118475
EKTN,2417,4.40194541998
EKTN,297,4.59663869371
EKTN,120,4.80563249536
EKTN,12798,4.93950652196
EKTN,12799,5.0952793133
EKTN,2414,7.93139841897
EKTN,3507,9.55182304487
SHWN,2550,2.18145411033
SHWN,2551,2.18145411033
SHWN,2552,2.18145411033
SHWN,2454,4.06745904816
SHWN,2453,4.06745904816
SHWN,2452,4.06745904816
SHWN,2455,4.12313840872
SHWN,2457,4.12313840872
SHWN,2456,4.12313840872
SHWN,2449,4.24949083009
SHWN,2451,4.24949083009
SHWN,2450,4.24949083009
RES,3325,1.31487315745
RES,3324,2.31309866201
RES,3233,4.04253287187
RES,13074,4.12413665634
RES,122,4.53816674663
RES,7566,8.44322558861
RES,7565,9.05099352006
RES,2433,11.812333595
RES,2432,11.812333595
RES,2431,11.812333595
ENGB,12681,0.508463907175
ENGB,3315,0.636712293662
ENGB,3314,0.784519308175
ENGB,3321,0.886324175965
ENGB,3210,0.914213292892
ENGB,2566,0.915230104892
ENGB,2567,0.915230104892
ENGB,1644,0.928519975499
ENGB,2301,1.14244052138
ENGB,2299,1.22241193748
BRPO,3783,0.414309978277
BRPO,7825,0.607491693853
BRPO,3788,0.638320732939
BRPO,7824,0.754588204321
BRPO,7826,0.866872861555
BRPO,4236,0.903381623734
BRPO,7827,0.974445564462
BRPO,7823,1.12199338594
BRPO,3218,1.18066343981
BRPO,3209,1.27833366462
TSJB,12681,0.540719362331
TSJB,2297,0.732640586372
TSJB,2299,0.838972126355
TSJB,3314,0.943896937594
TSJB,3210,0.985031892276
TSJB,1644,1.01294611347
TSJB,2301,1.01809421411
TSJB,3321,1.08768443438
TSJB,3320,1.10436109529
TSJB,3319,1.12910470232
ORIO,12809,0.0704272801477
ORIO,12678,0.250449200017
ORIO,12951,0.532729726774
ORIO,3784,0.561051692618
ORIO,3790,1.15259375401
ORIO,3219,1.22532942582
ORIO,12645,1.23099918838
ORIO,3785,1.24148182499
ORIO,1994,1.35854509744
ORIO,66,1.35854509744
SCHQ,4310,0.212979348607
SCHQ,12954,0.462707924001
SCHQ,2428,0.904163626194
SCHQ,2424,2.37110527454
SCHQ,4312,3.26829333796
SCHQ,6484,3.28751806123
SCHQ,2426,3.37310839478
SCHQ,6485,4.03489429638
SCHQ,7591,4.28822241528
SCHQ,7590,4.35986486521
TYNO,12950,0.772818950337
TYNO,3188,2.08869747211
TYNO,3218,2.60848713434
TYNO,7839,2.6755936033
TYNO,7824,2.8032354753
TYNO,7823,2.81383210764
TYNO,3187,2.83243272294
TYNO,12486,2.86481362919
TYNO,7825,2.92158024535
TYNO,3209,3.01693240395
MOBC,7564,0.371617873628
MOBC,7558,0.699443667496
MOBC,314,0.805365410233
MOBC,7561,1.01283001733
MOBC,7559,1.22483951765
MOBC,7562,1.38342973945
MOBC,115,1.78071498112
MOBC,1151,1.94813024308
MOBC,6517,2.55823717509
MOBC,6516,3.0816090998
TASB,3309,0.252387103474
TASB,3310,1.64672075653
TASB,101,1.65293050368
TASB,3319,1.91722696883
TASB,2430,2.53793759774
TASB,3320,2.56134325111
TASB,3217,2.746623245
TASB,3210,2.86359027272
TASB,3305,2.96323796716
TASB,3321,2.96423333258
FCC,2476,0.136389589045
FCC,2475,0.136389589045
FCC,2474,0.136389589045
FCC,2477,1.05575665757
FCC,2479,1.05575665757
FCC,2478,1.05575665757
FCC,2554,2.34840927438
FCC,2555,2.34840927438
FCC,2553,2.34840927438
FCC,2158,2.55852420743
ROMN,2414,0.922961039535
ROMN,12799,3.05399323518
ROMN,12798,3.28614961323
ROMN,12797,3.69770689489
ROMN,120,3.71952554508
ROMN,297,3.85834921702
ROMN,2417,4.35751494323
ROMN,2415,5.62359935277
ROMN,3216,7.36289444991
ROMN,7319,7.36580383125
GGN,12676,0.767041719856
GGN,12789,1.68342300091
GGN,12370,1.77846366283
GGN,12810,1.97754216137
GGN,12679,2.14136241678
GGN,67,2.39640000835
GGN,12353,2.54710679007
GGN,13072,2.93198107088
GGN,302,3.03035855964
GGN,6989,3.29159125652
PKLO,2153,0.767246352223
PKLO,2154,1.15728603422
PKLO,2152,1.74796463494
PKLO,112,2.21300884883
PKLO,13105,2.37275282425
PKLO,13106,2.37394708555
PKLO,2163,2.76133343966
PKLO,12794,3.25479593293
PKLO,3166,3.30243085696
PKLO,3162,3.48636193832
WHY,3449,0.00067082039324
WHY,114,1.14114348353
WHY,121,5.34163462341
WHY,3448,5.64771887137
WHY,1176,5.67011450061
WHY,1150,6.00970002995
WHY,1147,6.04568891442
WHY,7312,6.10630497519
WHY,6515,6.15921735694
WHY,1146,6.17533986514
CLAP,314,0.437449299919
CLAP,7564,0.780853308887
CLAP,7558,1.1113603781
CLAP,115,1.46060805489
CLAP,7561,1.48915609994
CLAP,1151,1.49105730608
CLAP,7559,1.61025895122
CLAP,7562,1.84421525045
CLAP,6517,2.55706313766
CLAP,1150,2.80363012717
ARTN,2416,3.51274055607
ARTN,2415,4.98900050349
ARTN,2417,6.0411661903
ARTN,12797,6.34497446895
ARTN,297,6.41259099563
ARTN,120,6.61856986822
ARTN,3507,6.75659298775
ARTN,12798,6.90219793447
ARTN,3506,7.0807998144
ARTN,12799,7.10764892755
RUBB,7559,0.945580102371
RUBB,7562,1.33946845054
RUBB,7558,1.43200619063
RUBB,6517,1.61801474962
RUBB,6516,1.65237396796
RUBB,7561,1.71734496535
RUBB,6515,2.01905169077
RUBB,100,2.19156056955
RUBB,7564,2.195090825
RUBB,314,2.32037965213
KUKN,12797,4.91811408733
KUKN,12799,4.99940954274
KUKN,12798,5.09288623238
KUKN,297,5.37236273682
KUKN,120,5.42886571726
KUKN,2414,5.47497526716
KUKN,2417,5.70930354562
KUKN,2415,6.45669362569
KUKN,4269,7.96741125937
KUKN,4268,8.02758218743
KNDN,2416,3.19525479738
KNDN,2415,4.2061263676
KNDN,2417,5.16943797914
KNDN,12797,5.41085802994
KNDN,297,5.51106401888
KNDN,120,5.72023629059
KNDN,12798,5.97855832289
KNDN,12799,6.17686420607
KNDN,3507,7.65142947561
KNDN,3506,7.95610056624
CLSB,103,0.289679279549
CLSB,2558,0.328790335929
CLSB,2557,0.328790335929
CLSB,102,0.682759902894
CLSB,3323,1.95562856519
CLSB,3305,2.0889993023
CLSB,3217,2.23336586456
CLSB,3306,2.30213880663
CLSB,13076,2.30715432622
CLSB,3303,2.41510312099
LLLB,3323,0.431072209728
LLLB,2560,0.651500767459
LLLB,2559,0.651500767459
LLLB,3322,0.921831465074
LLLB,3303,1.05651467098
LLLB,3306,1.12379858071
LLLB,3304,1.28497986366
LLLB,3298,1.28647706936
LLLB,2567,1.30904669512
LLLB,2566,1.30904669512
CMBN,7530,5.12094166541
CMBN,5218,5.6404980933
CMBN,5215,5.99624033378
CMBN,5214,6.01152144972
CMBN,5219,6.19010999422
CMBN,1420,6.51272556926
CMBN,5217,6.60921675696
CMBN,5216,6.65401579052
CMBN,7529,6.67767775057
CMBN,5220,6.73978521472
EUNU,13074,6.20399700513
EUNU,3324,9.11106418151
EUNU,3325,9.49304685123
EUNU,3519,9.86617103235
EUNU,3233,10.2188652658
EUNU,3516,10.8083222435
EUNU,3520,10.9568998371
EUNU,3511,10.971343544
EUNU,122,11.7648004879
EUNU,3521,12.0536706957
LMQ,2407,0.0976825982455
LMQ,2234,0.576874241061
LMQ,13090,0.711204534575
LMQ,13091,0.787328324144
LMQ,12953,1.01792135747
LMQ,12669,1.02774991608
LMQ,2409,1.03407537926
LMQ,2408,1.05045508709
LMQ,12801,1.15936184602
LMQ,12674,1.89044806594
INUQ,12919,1.22180513115
INUQ,12910,1.22180513115
INUQ,12920,1.22180513115
INUQ,2548,1.86152205963
INUQ,2547,1.86152205963
INUQ,2549,1.86152205963
INUQ,2546,2.41362357846
INUQ,2545,2.41362357846
INUQ,2544,2.41362357846
INUQ,12955,3.64120015634
EDM,12682,0.0017
EDM,12683,0.0017
EDM,12403,0.0017
EDM,4841,1.87081556814
EDM,104,1.93920883094
EDM,4843,1.96256232767
EDM,4842,2.17332714749
EDM,4845,2.47286289349
EDM,105,2.78705057184
EDM,4844,2.83315211205
RAMB,102,0.383968662523
RAMB,2558,0.60729855409
RAMB,2557,0.60729855409
RAMB,103,0.794003862585
RAMB,3305,1.63690064873
RAMB,3217,1.70668530602
RAMB,13076,1.96560584396
RAMB,3306,2.135499645
RAMB,3323,2.16506044576
RAMB,3322,2.36156976052
LMN,12679,0.004472135955
LMN,12370,0.368401954392
LMN,12353,1.13595774569
LMN,6989,1.6270341115
LMN,302,1.65427929927
LMN,68,1.87566521533
LMN,6990,1.92313286072
LMN,1584,1.93685311782
LMN,67,2.08227759917
LMN,6987,2.21872485901
EDZN,12799,0.755972183681
EDZN,12798,0.958954087796
EDZN,120,1.31045562401
EDZN,297,1.49129673187
EDZN,12797,1.5225169761
EDZN,2417,1.95700816107
EDZN,2414,2.47480422306
EDZN,2415,3.2268118852
EDZN,2416,5.73608184587
EDZN,3216,6.28793797222
MKVL,7571,0.828375054791
MKVL,7572,0.956857477057
MKVL,7007,1.04524649313
MKVL,7006,1.06500762035
MKVL,7600,1.10856683669
MKVL,7569,1.45240222783
MKVL,7005,1.49085956126
MKVL,2385,1.53156600622
MKVL,7601,1.66652495673
MKVL,2386,1.7878317682
MKVL,2387,1.7878317682
DPQ,12801,1.5119983201
DPQ,12952,1.82168134425
DPQ,2408,1.90764224109
DPQ,12953,1.9374279135
DPQ,12668,1.9572232678
DPQ,12643,1.9572232678
DPQ,2409,2.01862797959
DPQ,13090,2.08490453498
DPQ,12669,2.15038018034
DPQ,13091,2.21063767271
YOUB,3210,0.807327846293
YOUB,3320,0.81527286929
YOUB,3314,0.821287922351
YOUB,3319,0.844227369492
YOUB,12681,0.84973163493
YOUB,3321,0.936338000617
YOUB,3310,0.954296521737
YOUB,2297,1.09718104769
YOUB,2299,1.23891252774
YOUB,101,1.32393574293
SJNN,5222,0.319538652592
SJNN,5225,0.349213330931
SJNN,5223,0.73038123641
SJNN,5224,0.804454069851
SJNN,307,1.82640996233
SJNN,5231,2.58011998762
SJNN,5230,2.59322034361
SJNN,5233,2.70672576197
SJNN,3204,2.73099402242
SJNN,3206,2.76295246982
PA12,12681,0.00183967388414
PA12,1644,0.656887040822
PA12,2299,0.776089546638
PA12,2301,0.788919884652
PA12,2297,0.870943732052
PA12,3314,0.887836350011
PA12,3210,0.989741877663
PA12,3321,1.03261482868
PA12,3315,1.12425147738
PA12,3320,1.23663955314
GBLN,12797,2.03973495114
GBLN,2417,2.36279573195
GBLN,297,2.3810515053
GBLN,2415,2.4999624939
GBLN,120,2.57119436661
GBLN,12798,2.60134209033
GBLN,12799,2.72556501865
GBLN,2416,4.21070857112
GBLN,2414,5.50115755736
GBLN,3213,8.72315369983
FCBC,3319,0.403744287885
FCBC,3310,0.497666002455
FCBC,3320,0.964886236818
FCBC,101,1.05930611723
FCBC,3210,1.10092372579
FCBC,3314,1.1615874698
FCBC,3321,1.23674227307
FCBC,12681,1.32599828431
FCBC,2297,1.40149400641
FCBC,2299,1.6061262248
PGC,12681,0.00207696894537
PGC,1644,0.659527644455
PGC,2299,0.777359063625
PGC,2301,0.791067452118
PGC,2297,0.871231951779
PGC,3314,0.885583600684
PGC,3210,0.987333132129
PGC,3321,1.03044131992
PGC,3315,1.12545160438
PGC,3320,1.23396528063
MWAB,101,0.398690697283
MWAB,3310,0.51445045641
MWAB,3319,0.962797108481
MWAB,3309,1.11651478812
MWAB,3320,1.20390210237
MWAB,3210,1.50297201308
MWAB,3321,1.6057868078
MWAB,3314,1.62122924724
MWAB,13076,1.902701572
MWAB,3217,1.97723652407
SADO,7825,1.25085620676
SADO,3188,1.25138133676
SADO,7826,1.29351894072
SADO,7824,1.39219224606
SADO,12950,1.48955807205
SADO,3218,1.50969773465
SADO,7839,1.63005007592
SADO,7823,1.70855531078
SADO,3782,1.73412377009
SADO,7827,1.7541497228
BANO,7824,0.186016001462
BANO,7825,0.380274575537
BANO,3218,0.60269424487
BANO,3788,0.608354791877
BANO,7823,0.684417089792
BANO,7826,0.891788962031
BANO,3209,0.974494100957
BANO,12486,1.04746701752
BANO,3783,1.17254661008
BANO,8387,1.21935308783
PLBC,114,1.12291566224
PLBC,3449,1.91310490682
PLBC,1176,3.85201123889
PLBC,1147,4.93709479193
PLBC,1146,4.97971165676
PLBC,1150,5.029545803
PLBC,1144,5.03373688074
PLBC,11613,5.45742043318
PLBC,1145,5.50312789098
PLBC,3448,5.5091458126
KIMN,7589,4.3261844738
KIMN,7590,4.5683371032
KIMN,3446,4.61512102861
KIMN,7591,4.86306035837
KIMN,7592,5.11335650494
KIMN,7530,5.68684101398
KIMN,7529,5.72819061796
KIMN,5214,5.8082864774
KIMN,5218,5.91460234083
KIMN,5217,6.15443489516
PNT,2081,0.0058768784231
PNT,72,0.460390635982
PNT,2561,0.598293521359
PNT,2562,0.598293521359
PNT,3299,0.842914786737
PNT,2565,0.99597306073
PNT,2564,0.99597306073
PNT,3311,1.07719048348
PNT,2563,1.08356205992
PNT,3312,1.17752721315
VABQ,12678,0.241404977786
VABQ,12809,0.430907836202
VABQ,3784,0.614253175246
VABQ,3790,0.695085723706
VABQ,3785,0.779611802951
VABQ,12951,0.966124196623
VABQ,12059,1.11975879693
VABQ,3789,1.33490769842
VABQ,3786,1.36152662967
VABQ,3219,1.63672091796
TWGB,12681,0.806966249232
TWGB,2297,0.828284569094
TWGB,3319,0.865805132463
TWGB,2299,1.00675981614
TWGB,3314,1.05138029628
TWGB,3210,1.06068549882
TWGB,3310,1.10100886799
TWGB,3320,1.10349106358
TWGB,3321,1.18136765124
TWGB,2301,1.22525847371
PLIO,3186,3.69786369919
PLIO,3187,3.7215162149
PLIO,12950,3.82726253839
PLIO,3188,4.08135452243
PLIO,7839,4.49597675014
PLIO,3184,4.71953740718
PLIO,7844,4.75336160394
PLIO,7840,4.79680799468
PLIO,3183,4.98349368795
PLIO,7841,5.0506789977
HRMB,3211,0.0965710619182
HRMB,2567,0.318825924291
HRMB,2566,0.318825924291
HRMB,3315,0.560925993336
HRMB,3322,1.33095002536
HRMB,3304,1.4087540488
HRMB,3298,1.50568189536
HRMB,2559,1.53855125686
HRMB,2560,1.53855125686
HRMB,12681,1.62368961628
CLVN,7313,7.31943850898
CLVN,7312,7.45383915085
CLVN,7314,7.46638949472
CLVN,12680,7.54983078531
CLVN,7315,7.59000185025
CLVN,7316,8.04570531941
CLVN,3295,8.12643833957
CLVN,2414,8.40891349027
CLVN,7317,8.42894074524
CLVN,7318,8.69278874049
COWN,2415,4.02090716672
COWN,12797,4.12957993547
COWN,2417,4.32906147374
COWN,297,4.43732654235
COWN,120,4.63725046158
COWN,2416,4.65747041251
COWN,12798,4.69846181674
COWN,12799,4.82521979224
COWN,2414,7.47608045993
COWN,319,9.6763951988
CLVB,3314,0.56778718839
CLVB,3321,0.616750590839
CLVB,3315,0.657988823081
CLVB,3210,0.691461417073
CLVB,12681,0.792818574013
CLVB,2567,0.905234163794
CLVB,2566,0.905234163794
CLVB,3322,0.99955104487
CLVB,3320,1.00696091846
CLVB,3306,1.12764989749
VIMO,2167,2.7586705892
VIMO,2473,2.78205751553
VIMO,2471,2.78205751553
VIMO,2472,2.78205751553
VIMO,3242,2.9672973595
VIMO,3150,3.11774014628
VIMO,2168,3.36021431157
VIMO,2166,3.3945232684
VIMO,3144,3.57992796292
VIMO,3243,3.60534098522
LINO,12950,1.12653912711
LINO,3218,1.12725613988
LINO,7824,1.17648714608
LINO,7825,1.25925549628
LINO,7823,1.34178366546
LINO,7826,1.50574951599
LINO,12486,1.54518911622
LINO,3788,1.61328360957
LINO,3209,1.62154087364
LINO,3188,1.74213759643
KILO,7837,0.542573571048
KILO,3190,0.546741328235
KILO,7832,0.693237390798
KILO,7836,0.699478434264
KILO,7833,0.720143096891
KILO,7831,0.941642225052
KILO,7830,1.05593280089
KILO,3189,1.05684345104
KILO,7838,1.0686150289
KILO,7834,1.15225608265
GLWN,2416,4.33765683775
GLWN,2415,4.78682007622
GLWN,2417,5.51242578563
GLWN,12797,5.55757136185
GLWN,297,5.7595350717
GLWN,120,5.97099072534
GLWN,12798,6.14270221011
GLWN,12799,6.31093231164
GLWN,3507,8.70996383701
GLWN,3506,9.04097451839
CTLN,12799,1.73302187606
CTLN,12798,1.91262877289
CTLN,12797,2.07073581678
CTLN,120,2.35143118609
CTLN,297,2.40118021458
CTLN,2414,2.60245780425
CTLN,2417,2.87972703965
CTLN,2415,4.03977878391
CTLN,2416,6.4874015463
CTLN,3216,7.89976365614
LDBN,2414,7.24849815667
LDBN,7315,7.3797702896
LDBN,7313,7.38936164545
LDBN,7314,7.40830071792
LDBN,7312,7.66329403894
LDBN,7316,7.76398799118
LDBN,7317,8.02247976172
LDBN,7318,8.1524721114
LDBN,7319,8.1811507459
LDBN,12680,8.72271943417
PGCB,12681,0.00220907220344
PGCB,1644,0.659567191422
PGCB,2299,0.777311314725
PGCB,2301,0.791068189223
PGCB,2297,0.871144580423
PGCB,3314,0.885576015935
PGCB,3210,0.987313972351
PGCB,3321,1.03043916851
PGCB,3315,1.12557757618
PGCB,3320,1.23392255835
EA06,2416,4.01167937814
EA06,2415,5.78232582504
EA06,3507,5.93547418184
EA06,3506,6.28056699566
EA06,3505,6.64408532619
EA06,2417,6.88991309592
EA06,3504,7.00771987492
EA06,12797,7.23864082838
EA06,297,7.28172450404
EA06,3503,7.37850973226
KASO,2154,3.15830836914
KASO,2153,3.35344988849
KASO,2163,3.39750790354
KASO,112,3.4507933225
KASO,2473,3.90220121913
KASO,2471,3.90220121913
KASO,2472,3.90220121913
KASO,2152,3.94756298931
KASO,2165,3.95346308375
KASO,2155,4.62056379185
BASO,3187,1.31783071314
BASO,3186,1.53663586724
BASO,3188,1.73266978634
BASO,7839,2.06124272916
BASO,3184,2.26210865975
BASO,7840,2.3374280713
BASO,7844,2.38681905232
BASO,3183,2.53381786806
BASO,7841,2.61781152654
BASO,12950,2.64836787258
KUGN,2433,4.74118198343
KUGN,2432,4.74118198343
KUGN,2431,4.74118198343
KUGN,2435,4.91122740259
KUGN,2434,4.91122740259
KUGN,2436,4.91122740259
KUGN,2446,5.72828129547
KUGN,2447,5.72828129547
KUGN,2448,5.72828129547
KUGN,2450,6.44850421416
KUGN,2449,6.44850421416
KUGN,2451,6.44850421416
VIB,314,0.499452900682
VIB,7564,0.842280950752
VIB,7558,1.24444895436
VIB,1151,1.36741113057
VIB,115,1.50389002257
VIB,7561,1.58929330207
VIB,7559,1.74970317483
VIB,7562,1.96321501624
VIB,6517,2.67914411706
VIB,1150,2.72518571844
WISB,3322,0.243745133285
WISB,3306,0.381722006177
WISB,3321,0.91300694959
WISB,3315,0.972451381818
WISB,13076,0.989851347425
WISB,3314,0.99951572774
WISB,2567,1.03294999395
WISB,2566,1.03294999395
WISB,3210,1.04864564558
WISB,3320,1.2535835393
KELB,12681,0.120579226237
KELB,1644,0.734986632395
KELB,2299,0.781134911395
KELB,2297,0.833144495151
KELB,2301,0.836727165688
KELB,3314,0.848931887609
KELB,3210,0.940063907296
KELB,3321,0.997428869544
KELB,3320,1.16627670379
KELB,3315,1.22142881487
SBNU,2433,6.51367075158
SBNU,2431,6.51367075158
SBNU,2432,6.51367075158
SBNU,3325,6.61869327436
SBNU,2436,7.20144184591
SBNU,2435,7.20144184591
SBNU,2434,7.20144184591
SBNU,13073,7.50834393592
SBNU,3324,7.59776945294
SBNU,2446,8.11850236558
SBNU,2447,8.11850236558
SBNU,2448,8.11850236558
LDIO,2152,0.713660185382
LDIO,13106,1.75227670766
LDIO,2153,1.82629084765
LDIO,2163,1.97792559521
LDIO,3011,2.45086553287
LDIO,3018,2.45261188536
LDIO,3178,2.46124498175
LDIO,3179,2.46424833574
LDIO,2165,2.94539281934
LDIO,1476,3.02291661483
LDIO,89,3.02291661483
LDIO,3135,3.02291661483
WEMQ,12955,1.81558914405
WEMQ,2231,2.73964595158
WEMQ,7834,3.79075664479
WEMQ,7838,4.16833419246
WEMQ,7833,4.25794926461
WEMQ,7837,4.34819249114
WEMQ,7836,4.51137229011
WEMQ,3190,4.52298794383
WEMQ,7832,4.6841543463
WEMQ,3189,4.81291096323
YKW2,297,0.0339152885879
YKW2,120,0.243287991483
YKW2,12797,0.437047190587
YKW2,2417,0.496535443649
YKW2,12798,0.584799321819
YKW2,12799,0.817330194475
YKW2,2415,1.75479327751
YKW2,2414,3.97435250661
YKW2,2416,4.27291084002
YKW2,3213,6.51099607179
YKW5,297,0.0339152885879
YKW5,120,0.243287991483
YKW5,12797,0.437047190587
YKW5,2417,0.496535443649
YKW5,12798,0.584799321819
YKW5,12799,0.817330194475
YKW5,2415,1.75479327751
YKW5,2414,3.97435250661
YKW5,2416,4.27291084002
YKW5,3213,6.51099607179
YKW4,297,0.0339152885879
YKW4,120,0.243287991483
YKW4,12797,0.437047190587
YKW4,2417,0.496535443649
YKW4,12798,0.584799321819
YKW4,12799,0.817330194475
YKW4,2415,1.75479327751
YKW4,2414,3.97435250661
YKW4,2416,4.27291084002
YKW4,3213,6.51099607179
ACTO,12950,0.998031231225
ACTO,3188,1.54645689836
ACTO,7839,2.13262381551
ACTO,3187,2.31477137932
ACTO,3184,2.50370508217
ACTO,3218,2.55549399109
ACTO,7840,2.63978801014
ACTO,7824,2.65956784807
ACTO,7825,2.68089588356
ACTO,7823,2.770067461
ALRB,3217,1.22029927026
ALRB,3305,1.66262422363
ALRB,102,1.95922819217
ALRB,2430,2.13841602805
ALRB,13076,2.24567493396
ALRB,101,2.5117094396
ALRB,2557,2.53570146291
ALRB,2558,2.53570146291
ALRB,103,2.70292488038
ALRB,3309,2.87850817421
GASG,13072,1.0528433713
GASG,302,1.85782861548
GASG,1584,2.07554690732
GASG,12810,2.17052379957
GASG,6989,2.20242370231
GASG,94,2.33849694558
GASG,2426,2.55696792403
GASG,6990,2.97975773587
GASG,12789,2.99192813492
GASG,4312,3.04168452745
MRHQ,12952,1.04322782267
MRHQ,12678,1.28102236124
MRHQ,12809,1.30595799703
MRHQ,12349,1.48008523065
MRHQ,12645,1.48032708886
MRHQ,3785,1.67668252511
MRHQ,12951,1.72959136503
MRHQ,3790,1.79992896804
MRHQ,12350,1.8084187264
MRHQ,12790,1.89322114134
BMRO,3187,0.833105511025
BMRO,3188,1.02756391164
BMRO,7839,1.3283047062
BMRO,3186,1.33562000303
BMRO,3184,1.5486100195
BMRO,7840,1.63601961862
BMRO,7844,1.85362158827
BMRO,3183,1.87123937338
BMRO,7841,1.98595473073
BMRO,7845,2.04667784287
MLON,2416,3.44967617392
MLON,2415,3.87812706147
MLON,2417,4.68031476558
MLON,12797,4.80839729067
MLON,297,4.96647207834
MLON,120,5.17827711743
MLON,12798,5.38916992726
MLON,12799,5.57244184401
MLON,3507,8.53136696579
MLON,2414,8.56755665898
MADG,303,0.91033979222
MADG,6988,1.07483456276
MADG,1585,1.16942915018
MADG,6987,1.20803946016
MADG,1583,1.55675744331
MADG,6990,1.91230994802
MADG,93,2.24445248052
MADG,94,2.41154828633
MADG,1584,2.77187058452
MADG,6989,2.81628608939
PRDA,104,0.807503673366
PRDA,3318,1.47265209147
PRDA,6505,1.57931699874
PRDA,105,1.58501866945
PRDA,310,1.71951829955
PRDA,106,1.83734949928
PRDA,6504,2.03375248801
PRDA,6503,2.31316734857
PRDA,3317,2.37465138126
PRDA,107,2.45050182259
HILA,6963,2.06391876063
HILA,6965,2.07501871088
HILA,3213,2.15943294652
HILA,3216,2.26715302759
HILA,6967,2.57830848629
HILA,6961,3.05614735419
HILA,3215,3.11057689995
HILA,3232,3.3510306848
HILA,6966,3.48726979893
HILA,6964,3.84406329949
YMBN,2415,3.51396132314
YMBN,12797,3.62322640481
YMBN,2417,3.80539009571
YMBN,297,3.92099941093
YMBN,120,4.12246210177
YMBN,12798,4.19655996984
YMBN,2416,4.31395391497
YMBN,12799,4.33029906363
YMBN,2414,7.05259899473
YMBN,3213,10.0310235061
DRCO,12950,0.728284075619
DRCO,3218,1.20435181521
DRCO,7823,1.41250235214
DRCO,7824,1.42082852407
DRCO,12486,1.50438309443
DRCO,3209,1.63521646726
DRCO,7825,1.6388230212
DRCO,3788,1.80672191961
DRCO,8387,1.93900791509
DRCO,7826,1.95363765699
JERN,12797,4.39275223522
JERN,2415,4.59683763037
JERN,2417,4.72428832736
JERN,297,4.75410813928
JERN,12798,4.93047788759
JERN,120,4.94049392268
JERN,12799,5.02477941804
JERN,2416,5.43560154905
JERN,2414,7.42340031253
JERN,319,8.95299705127
KLBO,3188,0.25963860441
KLBO,7839,0.434886657533
KLBO,3184,0.816521160105
KLBO,7840,0.96073826035
KLBO,3183,1.32978772926
KLBO,3187,1.39705268508
KLBO,7841,1.54090077711
KLBO,7846,1.55265598408
KLBO,7845,1.57724912582
KLBO,7844,1.76762677195
SHB,3210,0.0741569281996
SHB,3321,0.189286159029
SHB,3314,0.203049870721
SHB,3320,0.244191011301
SHB,12681,1.03661914414
SHB,13076,1.17257803578
SHB,101,1.19118816734
SHB,3306,1.26409226325
SHB,3310,1.31502062721
SHB,3322,1.33337138487
TOFB,3310,0.763833648105
TOFB,3319,0.882104779478
TOFB,3309,0.935604372573
TOFB,101,1.24068990565
TOFB,3320,1.88837820417
TOFB,3210,2.13860433975
TOFB,3314,2.23471533802
TOFB,3321,2.26277651172
TOFB,2297,2.41193662478
TOFB,12681,2.50902372288
MGB,3319,0.449388773336
MGB,3310,0.517036042844
MGB,3320,0.920435912815
MGB,101,1.04488576868
MGB,3210,1.05485348253
MGB,3314,1.11586122327
MGB,3321,1.19066715315
MGB,12681,1.29563045256
MGB,2297,1.3983893126
MGB,2299,1.596243299
LCBC,2297,0.724968252339
LCBC,12681,0.828822759642
LCBC,3319,0.895916383877
LCBC,2299,0.925591144567
LCBC,2301,1.16099998575
LCBC,3314,1.16158003035
LCBC,3310,1.17321914701
LCBC,3210,1.17685103853
LCBC,1644,1.21105035688
LCBC,3320,1.2273549474
MEDA,4849,0.0604660565938
MEDA,4848,0.483346815444
MEDA,2151,0.52669549457
MEDA,4846,0.541930017622
MEDA,11,0.7405026293
MEDA,4851,1.01097979406
MEDA,4847,1.05058086029
MEDA,12402,1.10031492946
MEDA,108,1.22292769369
MEDA,107,1.25769636399
FFC,12826,0.00527920486437
FFC,3480,0.109643194061
FFC,3479,0.642653678122
FFC,3481,0.822702589034
FFC,3491,0.877786619859
FFC,300,0.927390419405
FFC,3490,0.958421530436
FFC,3492,1.12669654744
FFC,12752,1.12961157484
FFC,3489,1.25763113432
VTIN,4269,5.30483856669
VTIN,4270,5.52699914391
VTIN,320,5.84411705059
VTIN,4273,6.33743062607
VTIN,4272,6.98197057104
VTIN,4268,7.00809481511
VTIN,2414,7.36274552672
VTIN,4271,7.76135364913
VTIN,319,7.87732649279
VTIN,12799,8.13301986628
MEDO,12950,0.675313041781
MEDO,3218,1.5367817361
MEDO,12486,1.61566670585
MEDO,7823,1.69516326777
MEDO,3209,1.80334968999
MEDO,7824,1.90644750895
MEDO,8387,2.05598115371
MEDO,3788,2.19191416447
MEDO,7825,2.25204673673
MEDO,7826,2.63709804603
ALGO,7826,0.345503820239
ALGO,7827,0.381608031624
ALGO,7825,0.574430752833
ALGO,4236,0.575609841646
ALGO,3782,0.727540163702
ALGO,3783,0.752983326376
ALGO,7828,0.900276007567
ALGO,7824,1.0553238791
ALGO,3788,1.17065831471
ALGO,12662,1.24867461326
BTB,3310,0.43080488623
BTB,101,0.744689767621
BTB,3319,0.790065092255
BTB,3309,1.00198445597
BTB,3320,1.44016070284
BTB,3210,1.71441909987
BTB,3314,1.8216758356
BTB,3321,1.83044061635
BTB,12681,2.22717598092
BTB,13076,2.23534803778
AKVQ,2548,1.23578956481
AKVQ,2547,1.23578956481
AKVQ,2549,1.23578956481
AKVQ,2546,2.17629879578
AKVQ,2545,2.17629879578
AKVQ,2544,2.17629879578
AKVQ,12919,2.85623970431
AKVQ,12910,2.85623970431
AKVQ,12920,2.85623970431
AKVQ,2543,4.0531681002
AKVQ,2542,4.0531681002
AKVQ,2541,4.0531681002
DHLB,12681,0.499993289955
DHLB,3314,0.521385931916
DHLB,3210,0.578523370314
DHLB,3321,0.66850077786
DHLB,3320,0.763598906495
DHLB,2297,1.11240248561
DHLB,2299,1.14042066361
DHLB,1644,1.14635740064
DHLB,2301,1.23801263725
DHLB,3319,1.2989931832
KNGQ,3446,2.20775215203
KNGQ,7589,4.97777508178
KNGQ,7590,5.35828942526
KNGQ,2548,5.46585268415
KNGQ,2549,5.46585268415
KNGQ,2547,5.46585268415
KNGQ,7591,5.7440473505
KNGQ,7592,6.11530119984
KNGQ,7529,6.86387750217
KNGQ,5214,7.19941097346
CDKN,7530,4.02905630957
CDKN,5218,4.50723067367
CDKN,5214,4.72980791848
CDKN,5219,5.02204662918
CDKN,5215,5.05967043845
CDKN,7592,5.06485932141
CDKN,7590,5.12028121744
CDKN,7591,5.13172997591
CDKN,7529,5.19586392679
CDKN,7589,5.20614524823
MCMB1,102,0.656532552506
MCMB1,2558,1.32802974082
MCMB1,2557,1.32802974082
MCMB1,103,1.40303420931
MCMB1,3217,1.44378322213
MCMB1,3305,1.58209354733
MCMB1,13076,2.07570927456
MCMB1,3306,2.46190373339
MCMB1,3322,2.73890945314
MCMB1,3323,2.79437649441
KAPO,3243,0.0205078033929
KAPO,2168,0.462941216571
KAPO,3144,0.489778082401
KAPO,3146,0.606800271918
KAPO,3150,0.849435441926
KAPO,3246,1.16405866261
KAPO,3244,1.26107437132
KAPO,3242,1.28577158547
KAPO,3151,1.2891402445
KAPO,3152,1.29920997918
CLRN,1418,1.41792369929
CLRN,1419,1.5269664754
CLRN,1417,2.00808431521
CLRN,1416,2.41562530559
CLRN,1420,2.71104330784
CLRN,1415,4.02091154056
CLRN,3521,8.1856631385
CLRN,3520,9.28528847247
CLRN,3511,9.5087429462
CLRN,3516,9.62580192072
VLDQ,3787,1.08156890673
VLDQ,7831,1.15251607364
VLDQ,7838,1.26418088105
VLDQ,7832,1.30755699685
VLDQ,7830,1.56639883172
VLDQ,7829,1.60110689837
VLDQ,7833,1.62244238727
VLDQ,4236,1.70211024907
VLDQ,7828,1.70610119864
VLDQ,12662,1.7459745989
MCKN,2416,3.60968989386
MCKN,2415,3.77241590096
MCKN,2417,4.48632719825
MCKN,12797,4.55681258445
MCKN,297,4.74283406096
MCKN,120,4.95459696946
MCKN,12798,5.14089155009
MCKN,12799,5.31587514242
MCKN,2414,8.26635435545
MCKN,3507,8.91832493968
FRB,7589,4.69644667527
FRB,7590,4.80238607295
FRB,7591,4.98862722537
FRB,7530,5.03087672813
FRB,7592,5.11303943009
FRB,5218,5.37742993015
FRB,5214,5.40373809818
FRB,7529,5.55492724828
FRB,5219,5.77238102118
FRB,5217,5.86978240088
DAWS,314,0.516460298571
DAWS,7564,0.780076432153
DAWS,7558,1.183896634
DAWS,1151,1.43145773252
DAWS,7561,1.52429762186
DAWS,115,1.53213812693
DAWS,7559,1.6918992996
DAWS,7562,1.89918804756
DAWS,6517,2.66578904642
DAWS,1150,2.78813544147
UPNG,1420,10.1950982183
UPNG,6595,11.1103805371
UPNG,7892,11.5299295609
UPNG,1419,12.5337941454
UPNG,1418,13.2038379148
UPNG,1417,14.1588585585
UPNG,2392,14.4948530065
UPNG,2384,14.5694132922
UPNG,1416,14.6612910646
UPNG,7596,14.8081111449
BBB,100,0.91140385121
BBB,2430,0.918879197719
BBB,7562,2.61697821542
BBB,3309,2.81589789943
BBB,7561,2.96905590719
BBB,7559,3.04060536407
BBB,1508,3.13629414756
BBB,1089,3.28134895736
BBB,7558,3.39307839285
BBB,1430,3.48157622062
TULEG,1419,4.54072356018
TULEG,1418,4.86079216281
TULEG,1417,5.1392850135
TULEG,1420,5.25330338454
TULEG,1416,5.34647458144
TULEG,1415,6.31728267929
TULEG,3521,7.26770682196
TULEG,3511,7.2904989164
TULEG,3516,7.49302545371
TULEG,3520,8.23169985179
THMB,102,1.04906744302
THMB,3217,1.08252228614
THMB,3305,1.30562035064
THMB,2558,1.5867610091
THMB,2557,1.5867610091
THMB,103,1.76628437688
THMB,13076,1.85247685546
THMB,3306,2.34096016626
THMB,3322,2.63975462875
THMB,101,2.6925442429
MNGN,3446,4.69064506007
MNGN,2548,6.61904808133
MNGN,2547,6.61904808133
MNGN,2549,6.61904808133
MNGN,1415,6.73682211868
MNGN,1416,7.08949160277
MNGN,1417,7.27230191855
MNGN,7589,7.31685174576
MNGN,7590,7.60837344894
MNGN,1418,7.70301303595
DRLN,7549,0.0442
DRLN,3205,0.28424222065
DRLN,7550,0.53862198247
DRLN,7551,0.684597429151
DRLN,7546,0.838947936406
DRLN,3220,0.847755648757
DRLN,7545,0.862318757769
DRLN,5236,0.92978580329
DRLN,3208,0.946746872189
DRLN,7552,1.08616464682
GOWB,12681,0.27908741068
GOWB,1644,0.660066498771
GOWB,3315,0.85569608086
GOWB,2301,0.861107300399
GOWB,3314,0.920762609362
GOWB,2299,0.93543219038
GOWB,3210,1.04162804436
GOWB,3321,1.0484463662
GOWB,2297,1.09094701191
GOWB,2567,1.12628832135
GOWB,2566,1.12628832135
PPSB,12681,0.340807326799
PPSB,2299,0.52863563444
PPSB,2297,0.547174226367
PPSB,1644,0.6399784637
PPSB,2301,0.656716403023
PPSB,3314,1.10466448934
PPSB,3210,1.1819539898
PPSB,3321,1.25463525935
PPSB,3320,1.37136560916
PPSB,3315,1.4542343807
NANL,6487,0.255424548546
NANL,6486,0.625406827593
NANL,6488,1.38044257396
NANL,6485,1.42044489509
NANL,7005,1.93087329983
NANL,7569,2.03082537408
NANL,7006,2.13044166782
NANL,2388,2.17253117354
NANL,6484,2.27012812414
NANL,2383,2.32928952687
CAMN,2415,2.95190329818
CAMN,2416,3.10523945643
CAMN,2417,3.66587144916
CAMN,12797,3.77722256186
CAMN,297,3.93876319189
CAMN,120,4.15064834475
CAMN,12798,4.35785948394
CAMN,12799,4.54157050829
CAMN,2414,7.5546371509
CAMN,3507,9.12130744366
SHVB,12681,0.257241695687
SHVB,2299,0.597156001393
SHVB,2297,0.633241889012
SHVB,1644,0.648193867604
SHVB,2301,0.69625806279
SHVB,3314,1.02969087109
SHVB,3210,1.11140509716
SHVB,3321,1.17943770077
SHVB,3320,1.31245696691
SHVB,3315,1.37670377714
NODN,2415,3.07190998255
NODN,2416,3.33672829893
NODN,2417,3.71451016164
NODN,12797,3.77335324889
NODN,297,3.96106616215
NODN,120,4.17271925019
NODN,12798,4.35727182316
NODN,12799,4.53313475874
NODN,2414,7.50400665917
NODN,3507,9.31400846794
DAWY,3448,0.00557314991724
DAWY,121,4.79815517256
DAWY,3449,5.65204821812
DAWY,1176,5.77324631901
DAWY,114,6.10465093679
DAWY,3294,6.90241863842
DAWY,3295,7.20785981134
DAWY,12680,7.24453221816
DAWY,1144,10.1917239494
DAWY,1146,10.2503721425
I10H1,3171,0.299709626138
I10H1,110,0.483865539174
I10H1,3165,0.564115112366
I10H1,3170,0.605578946133
I10H1,12735,0.749670500954
I10H1,12736,0.775467510602
I10H1,3176,0.79895297734
I10H1,3175,0.956674375114
I10H1,3164,1.04648261333
I10H1,3169,1.06940444173
ORHO,12809,0.0882305830084
ORHO,12678,0.250169454127
ORHO,12951,0.530858545922
ORHO,3784,0.53511764667
ORHO,3790,1.13981506209
ORHO,3219,1.22139954797
ORHO,3785,1.23323636655
ORHO,12645,1.25111328655
ORHO,1994,1.37181048829
ORHO,66,1.37181048829
SUNO,3182,0.0764204161203
SUNO,7841,0.204411545662
SUNO,7845,0.214233704164
SUNO,7842,0.344360392612
SUNO,7844,0.383322423033
SUNO,3183,0.421407261447
SUNO,3181,0.482725677792
SUNO,7840,0.774028474928
SUNO,7843,0.779420348721
SUNO,7846,0.816171599604
PA05,12681,0.00615592397614
PA05,1644,0.655340442366
PA05,2299,0.778444022008
PA05,2301,0.789118555985
PA05,2297,0.875022911357
PA05,3314,0.88801570673
PA05,3210,0.990435608912
PA05,3321,1.03254680059
PA05,3315,1.11856018855
PA05,3320,1.2383860042
PA04,12681,0.00395092394258
PA04,1644,0.657566429952
PA04,2299,0.779327921866
PA04,2301,0.790841709699
PA04,2297,0.875014291198
PA04,3314,0.886161164687
PA04,3210,0.988427240519
PA04,3321,1.03077185148
PA04,3315,1.1198547271
PA04,3320,1.23610582468
PA01,12681,0.00400780488547
PA01,1644,0.659368684804
PA01,2299,0.780827165575
PA01,2301,0.792604606661
PA01,2297,0.876082794318
PA01,3314,0.884376086572
PA01,3210,0.986624580324
PA01,3321,1.02900003037
PA01,3315,1.11964327466
PA01,3320,1.23430995398
KLNB,12681,0.121136872174
KLNB,1644,0.735329682387
KLNB,2299,0.781142331333
KLNB,2297,0.83294978348
KLNB,2301,0.836928158088
KLNB,3314,0.848846359361
KLNB,3210,0.939921135947
KLNB,3321,0.997356075732
KLNB,3320,1.16602235905
KLNB,3315,1.2219194498
PA03,12681,0.0055150158658
PA03,1644,0.657551226446
PA03,2299,0.780305078415
PA03,2301,0.791291738488
PA03,2297,0.876364088379
PA03,3314,0.885816242457
PA03,3210,0.988218607091
PA03,3321,1.0303617886
PA03,3315,1.11825462905
PA03,3320,1.23618542921
PA02,12681,0.00211123186789
PA02,1644,0.659676479268
PA02,2299,0.779770900521
PA02,2301,0.792289124815
PA02,2297,0.874462496223
PA02,3314,0.884559470754
PA02,3210,0.986623564132
PA02,3321,1.02927132346
PA02,3315,1.12173412951
PA02,3320,1.23392603397
TOBO,3187,0.135561756406
TOBO,3186,0.764427883976
TOBO,7839,1.14610339403
TOBO,7844,1.18004770658
TOBO,3184,1.18677857657
TOBO,3188,1.18723577684
TOBO,7840,1.21923295141
TOBO,3183,1.34352349805
TOBO,7841,1.40479620935
TOBO,7845,1.46795762534
B1NU,1415,3.07639002891
B1NU,1416,3.19978211914
B1NU,1417,3.41143893541
B1NU,1418,3.96487523259
B1NU,1419,4.59891243774
B1NU,1420,6.32381701269
B1NU,3521,7.26293023579
B1NU,3520,8.16868395826
B1NU,3446,8.58110946265
B1NU,3511,9.04033371121
JRBB,2297,0.582627799543
JRBB,12681,0.641102139132
JRBB,2299,0.738080722415
JRBB,2301,0.9562047651
JRBB,1644,0.995727649912
JRBB,3319,1.11122092889
JRBB,3314,1.12644926774
JRBB,3210,1.16542076213
JRBB,3321,1.26979602803
JRBB,3320,1.2708799915
JRBC,2297,0.5253352462
JRBC,12681,0.569920451379
JRBC,2299,0.652692209927
JRBC,2301,0.861473227036
JRBC,1644,0.897420258797
JRBC,3314,1.13448680949
JRBC,3210,1.18382791017
JRBC,3319,1.20951573818
JRBC,3321,1.280954457
JRBC,3320,1.31176686987
RSPO,7839,0.81088815505
RSPO,3184,0.900419679927
RSPO,7840,0.983619641935
RSPO,3188,1.1073263295
RSPO,7846,1.12882753333
RSPO,12662,1.17239737291
RSPO,3782,1.201287476
RSPO,3183,1.26706100879
RSPO,7829,1.32028012179
RSPO,7828,1.34043709289
OTT,12809,0.277648212672
OTT,3784,0.368801477763
OTT,12678,0.386704706462
OTT,12951,0.457725387105
OTT,3219,1.11479618317
OTT,3790,1.15883153651
OTT,3785,1.28607718664
OTT,12645,1.33160449459
OTT,1994,1.38921579677
OTT,66,1.38921579677
SHDB,12681,0.237075937202
SHDB,3314,0.705907217699
SHDB,3210,0.792341466793
SHDB,3321,0.855397568386
SHDB,1644,0.883371382828
SHDB,2299,0.920144010468
SHDB,2297,0.943962393319
SHDB,2301,0.987342392486
SHDB,3320,1.01523642567
SHDB,3315,1.22299018802
CHEG,303,0.349922949376
CHEG,1585,0.578617378325
CHEG,6988,1.19239828518
CHEG,93,1.53836993942
CHEG,97,2.12443114045
CHEG,6987,2.12554644045
CHEG,1583,2.23182778693
CHEG,304,2.37649083114
CHEG,5234,2.6600150884
CHEG,6990,2.97524783346
NUNN,2433,1.73701690262
NUNN,2432,1.73701690262
NUNN,2431,1.73701690262
NUNN,2435,2.22412223585
NUNN,2434,2.22412223585
NUNN,2436,2.22412223585
NUNN,2446,3.13948972287
NUNN,2447,3.13948972287
NUNN,2448,3.13948972287
NUNN,2450,4.12183984648
NUNN,2449,4.12183984648
NUNN,2451,4.12183984648
MRYN,3519,3.96190040322
MRYN,3520,4.21948686513
MRYN,3521,4.73671658483
MRYN,3516,5.77120749974
MRYN,3511,5.938329513
MRYN,1415,6.87985829832
MRYN,1416,8.63226321453
MRYN,1417,9.13343961523
MRYN,2550,10.0657173915
MRYN,2551,10.0657173915
MRYN,2552,10.0657173915
DVKN,2416,3.90525732627
DVKN,2415,3.91747107001
DVKN,2417,4.55151012131
DVKN,12797,4.56240348768
DVKN,297,4.77744910851
DVKN,120,4.98824217379
DVKN,12798,5.14763281367
DVKN,12799,5.31273405926
DVKN,2414,8.20269901827
DVKN,3507,9.20573844862
BCBC,2430,0.465842247977
BCBC,100,1.8579744347
BCBC,3309,2.44787846921
BCBC,3217,2.51125645843
BCBC,101,2.95066246799
BCBC,3305,2.97471158266
BCBC,13076,3.46772389328
BCBC,3310,3.51040011964
BCBC,102,3.6216389936
BCBC,3320,3.76677700428
SPLB,101,0.661459877846
SPLB,3309,0.749639359959
SPLB,3310,0.815413496332
SPLB,3319,1.22394818926
SPLB,3320,1.56443893137
SPLB,3210,1.87054087632
SPLB,3321,1.9675515673
SPLB,3314,1.99157956658
SPLB,3217,2.03822206101
SPLB,3305,2.13892009435
HAL,68,0.19040821936
HAL,12353,0.726725044291
HAL,67,1.52000239802
HAL,12679,1.71848633687
HAL,12370,1.92245553655
HAL,6987,2.3027820761
HAL,6988,2.45365957093
HAL,6990,2.71231179808
HAL,6989,2.95524876956
HAL,93,2.97985692442
CTSN,2550,1.28832999489
CTSN,2551,1.28832999489
CTSN,2552,1.28832999489
CTSN,2543,3.17640981898
CTSN,2542,3.17640981898
CTSN,2541,3.17640981898
CTSN,2493,3.49664810004
CTSN,2492,3.49664810004
CTSN,2494,3.49664810004
CTSN,2546,3.86070060084
CTSN,2545,3.86070060084
CTSN,2544,3.86070060084
ULM2,3171,0.279685607788
ULM2,3165,0.450584108912
ULM2,3170,0.450803770175
ULM2,110,0.642701827603
ULM2,12735,0.68065727
ULM2,3176,0.760540622981
ULM2,3175,0.838702592821
ULM2,12736,0.847787024673
ULM2,3164,0.909959361293
ULM2,3169,0.910068150857
SHMN,2550,2.44362464888
SHMN,2551,2.44362464888
SHMN,2552,2.44362464888
SHMN,2493,4.93178096113
SHMN,2492,4.93178096113
SHMN,2494,4.93178096113
SHMN,2489,5.24347722492
SHMN,2491,5.24347722492
SHMN,2490,5.24347722492
SHMN,2543,5.28020441204
SHMN,2542,5.28020441204
SHMN,2541,5.28020441204
MPPO,3219,0.577068822325
MPPO,12951,0.628279257735
MPPO,8387,0.666937647535
MPPO,3784,0.755564177089
MPPO,3209,0.961147452631
MPPO,12809,1.08659193155
MPPO,3788,1.08915932062
MPPO,12486,1.11468660425
MPPO,7823,1.20921438368
MPPO,12847,1.21318804218
WBHL,2424,1.02397566241
WBHL,12954,1.46713099524
WBHL,2426,1.47984031476
WBHL,2428,1.77892252704
WBHL,4312,1.78479930446
WBHL,4310,1.8020038172
WBHL,2427,3.82694616597
WBHL,2425,4.46332035117
WBHL,4311,4.4952526244
WBHL,6484,4.59941319705
OTRO,2169,1.05230280813
OTRO,3243,1.15847710379
OTRO,3244,1.21893937503
OTRO,3151,1.22663327853
OTRO,3148,1.38226379537
OTRO,7835,1.41888026274
OTRO,2168,1.47370186944
OTRO,3189,1.51687481356
OTRO,3146,1.54919501677
OTRO,3144,1.6028041677
PHC,3309,1.28051812096
PHC,2430,1.70668997129
PHC,101,2.53359441468
PHC,100,2.53845572309
PHC,3310,2.7081683216
PHC,1089,2.83641686959
PHC,3319,3.01305072279
PHC,1508,3.11705833409
PHC,3217,3.13508862045
PHC,1430,3.1382077143
PNPO,3154,0.1624170536
PNPO,3023,0.472844053891
PNPO,3136,0.611359059228
PNPO,3024,0.745655214761
PNPO,3003,0.855696850117
PNPO,3135,0.88870709421
PNPO,1476,0.88870709421
PNPO,89,0.88870709421
PNPO,3178,0.903654856292
PNPO,3018,0.908571460756
BRCO,3187,1.09915617676
BRCO,3188,1.41437169828
BRCO,3186,1.4408245212
BRCO,7839,1.74547314528
BRCO,3184,1.95921844134
BRCO,7840,2.04090276616
BRCO,7844,2.16532872814
BRCO,3183,2.25625608052
BRCO,7841,2.35448811866
BRCO,7845,2.41653841287
GDLN,3507,4.58787288212
GDLN,2416,4.96424000049
GDLN,3506,4.96632888384
GDLN,3505,5.3617502723
GDLN,3504,5.75437320501
GDLN,3503,6.15201235227
GDLN,3502,6.56321562822
GDLN,3501,6.96841763835
GDLN,2415,7.05294948107
GDLN,3474,7.234800231
QURY,314,0.465465294088
QURY,7564,0.697264612611
QURY,7558,0.922874823581
QURY,7561,1.33781685593
QURY,7559,1.41581281955
QURY,115,1.46580487787
QURY,7562,1.66882591663
QURY,1151,1.67766741042
QURY,6517,2.42705540522
QURY,1150,2.94696758381
DLBC,7312,2.06662131993
DLBC,6515,2.15959062787
DLBC,6516,2.58339537818
DLBC,7313,2.6102765524
DLBC,6517,3.08948922639
DLBC,7314,3.12236507795
DLBC,7315,3.95894224257
DLBC,7316,4.31406811258
DLBC,115,4.59755192249
DLBC,7559,4.9313454229
BPCB,12681,0.373632168449
BPCB,3314,0.576437331633
BPCB,3210,0.654977402129
BPCB,3321,0.726433752864
BPCB,3320,0.871362150486
BPCB,1644,1.02627111296
BPCB,2299,1.05353253263
BPCB,2297,1.05510605974
BPCB,2301,1.13040850904
BPCB,3315,1.24791746414
GBN,6988,0.814973484231
GBN,93,0.844438144567
GBN,1585,1.05638997534
GBN,303,1.37286917804
GBN,6987,1.89654469497
GBN,95,2.21760586669
GBN,68,2.25926000717
GBN,12353,2.83393926893
GBN,6990,2.85144380621
GBN,12679,3.3263712631
BELQ,7829,0.38427798818
BELQ,7830,0.543957141878
BELQ,12662,0.569207846221
BELQ,7831,0.67627965532
BELQ,7828,0.717675812746
BELQ,3782,0.981067159883
BELQ,7832,1.14447532616
BELQ,7827,1.20052337428
BELQ,4236,1.24199515788
BELQ,7838,1.56367674799
SSNO,7841,0.11463529125
SSNO,7845,0.177879875197
SSNO,3183,0.218062491043
SSNO,3182,0.297188912983
SSNO,7844,0.458607948034
SSNO,7840,0.544831395938
SSNO,7842,0.575109772131
SSNO,3184,0.681117647694
SSNO,3181,0.715961765739
SSNO,7846,0.742920756205
ARVN,2555,0.0158110467712
ARVN,2553,0.0158110467712
ARVN,2554,0.0158110467712
ARVN,13073,1.00150725869
ARVN,2477,2.24749825121
ARVN,2479,2.24749825121
ARVN,2478,2.24749825121
ARVN,2475,2.31250089496
ARVN,2474,2.31250089496
ARVN,2476,2.31250089496
MALO,7834,0.964510036236
MALO,7836,1.00595904986
MALO,3190,1.05289867034
MALO,7837,1.11247454353
MALO,7833,1.20508572724
MALO,3189,1.31143646815
MALO,7835,1.4363716824
MALO,7838,1.46286007875
MALO,2169,1.49876135859
MALO,7832,1.70070738518
TFRB,3319,0.482457519788
TFRB,3310,0.603520719114
TFRB,3320,0.935718578634
TFRB,3210,1.04319722891
TFRB,3314,1.09448492836
TFRB,101,1.12707464633
TFRB,3321,1.17916549237
TFRB,12681,1.21963980683
TFRB,2297,1.3084013369
TFRB,2299,1.50588646929
MALG,6987,1.13897748095
MALG,12353,1.3528726851
MALG,68,1.36042710282
MALG,12679,1.48405926502
MALG,6990,1.58333846732
MALG,6988,1.67791468856
MALG,12370,1.83330409428
MALG,6989,2.0322496653
MALG,1584,2.24378499462
MALG,94,2.24597415437
SABG,95,0.158671996584
SABG,93,1.49775986143
SABG,1585,2.59562335528
SABG,6988,2.8299613076
SABG,303,2.92213836129
SABG,12817,3.57976664079
SABG,68,3.58925638573
SABG,97,3.84550061793
SABG,6987,4.00282987429
SABG,12353,4.37694944025
HLSB,3211,0.136055971571
HLSB,2567,0.519325935613
HLSB,2566,0.519325935613
HLSB,3315,0.775800120779
HLSB,3304,1.20981231082
HLSB,3298,1.31030867638
HLSB,2560,1.41568359014
HLSB,2559,1.41568359014
HLSB,3322,1.44351509428
HLSB,2562,1.60838702662
HLSB,2561,1.60838702662
TIGG,6990,0.52903227066
TIGG,6989,0.673111538603
TIGG,1584,0.859214259309
TIGG,94,0.928546898869
TIGG,302,1.07456090725
TIGG,6987,1.21488194628
TIGG,12679,1.40900111547
TIGG,12370,1.70776319887
TIGG,13072,2.13488841474
TIGG,12353,2.18115720282
AP3N,2550,7.32070892373
AP3N,2551,7.32070892373
AP3N,2552,7.32070892373
AP3N,2436,8.49244649945
AP3N,2435,8.49244649945
AP3N,2434,8.49244649945
AP3N,3519,8.57847669146
AP3N,2446,8.84399248903
AP3N,2447,8.84399248903
AP3N,2448,8.84399248903
IHLN,2416,2.67841137513
IHLN,2415,2.68222897874
IHLN,2417,3.51390339856
IHLN,12797,3.71786071477
IHLN,297,3.83102893416
IHLN,120,4.04155448985
IHLN,12798,4.2876376123
IHLN,12799,4.4841304502
IHLN,2414,7.56138968011
IHLN,3507,8.85203327459
VGZ,12681,0.267429560819
VGZ,1644,0.391495300099
VGZ,2301,0.536664299167
VGZ,2299,0.583572249169
VGZ,2297,0.756251657849
VGZ,3314,1.14921215187
VGZ,3315,1.1741799564
VGZ,3210,1.25394360718
VGZ,3321,1.29190501586
VGZ,2567,1.43255246675
VGZ,2566,1.43255246675
SSIB,12681,0.122865956636
SSIB,1644,0.72678101468
SSIB,3314,0.807184640154
SSIB,2301,0.88361453321
SSIB,2299,0.892600830887
SSIB,3210,0.917329626307
SSIB,3321,0.947267672466
SSIB,2297,0.995112176239
SSIB,3315,1.01581693395
SSIB,3320,1.18290111307
PLVO,3788,0.244620261965
PLVO,3209,0.625393278317
PLVO,8387,0.631247837671
PLVO,7823,0.632514910942
PLVO,7824,0.691833124795
PLVO,3218,0.809308169095
PLVO,12486,0.826208153291
PLVO,3783,0.996016461994
PLVO,7825,1.03234088971
PLVO,3784,1.10576599358
MSNO,2169,2.05234882513
MSNO,3189,2.25134930653
MSNO,7836,2.26825344704
MSNO,7835,2.26884677755
MSNO,3151,2.39147312341
MSNO,3190,2.39272599769
MSNO,3244,2.40023700913
MSNO,7834,2.4665023211
MSNO,3148,2.56582885244
MSNO,7837,2.61071248896
TLCB,3309,0.736332642221
TLCB,2430,1.89408282818
TLCB,101,1.91201615056
TLCB,3310,2.12369624947
TLCB,3319,2.45961902741
TLCB,3217,2.61279271279
TLCB,3320,2.86037161222
TLCB,3305,2.91857940786
TLCB,100,2.97526230104
TLCB,13076,3.14901472845
HNB,3315,0.0829028950037
HNB,2567,0.347500920862
HNB,2566,0.347500920862
HNB,3211,0.719651922807
HNB,3322,1.03962632229
HNB,12681,1.07158428973
HNB,3314,1.14325976488
HNB,3321,1.18202914093
HNB,3210,1.26577600309
HNB,3306,1.29573256886
FLLB,2558,0.886828253328
FLLB,2557,0.886828253328
FLLB,3305,1.01910016726
FLLB,13076,1.14863098987
FLLB,3306,1.24354740597
FLLB,102,1.27374940663
FLLB,3217,1.31599017888
FLLB,103,1.44835249539
FLLB,3322,1.48238731474
FLLB,3323,1.58830732256
BULN,2433,3.51178172649
BULN,2432,3.51178172649
BULN,2431,3.51178172649
BULN,2435,4.36169280148
BULN,2434,4.36169280148
BULN,2436,4.36169280148
BULN,13073,4.48639167868
BULN,2446,5.25452386944
BULN,2447,5.25452386944
BULN,2448,5.25452386944
ATLB,3309,0.712457758257
ATLB,101,2.07152191813
ATLB,3310,2.14143971601
ATLB,2430,2.18749076736
ATLB,3319,2.41935839786
ATLB,3217,2.95263764409
ATLB,3320,3.00502729726
ATLB,1089,3.02651169786
ATLB,100,3.14115514696
ATLB,3305,3.2292008388
FNBC,7319,0.328966457257
FNBC,7318,1.24120865691
FNBC,7317,2.28071237336
FNBC,7316,3.18023724429
FNBC,7315,3.67694967738
FNBC,3212,3.83819162237
FNBC,6964,4.184578704
FNBC,3232,4.27019659149
FNBC,3216,4.34300828113
FNBC,6967,4.47562497647
ELGO,12950,1.37550369556
ELGO,3188,1.45779944317
ELGO,7839,2.02498751021
ELGO,3187,2.02791099817
ELGO,3184,2.37499196135
ELGO,7840,2.50289584612
ELGO,3186,2.52985612565
ELGO,3183,2.82519079294
ELGO,3218,2.89160889757
ELGO,7825,2.93347551831
TORO,12950,0.401462161231
TORO,3188,1.81460432792
TORO,3218,1.8931708499
TORO,7824,2.06545304156
TORO,7823,2.10340649112
TORO,7825,2.18922083557
TORO,12486,2.1917533773
TORO,3209,2.32745171097
TORO,7839,2.375926486
TORO,7826,2.39730946415
WLVO,3218,0.92380455184
WLVO,12950,0.967604697178
WLVO,7823,1.12487370402
WLVO,12486,1.19722464475
WLVO,7824,1.19984451076
WLVO,3209,1.33323773199
WLVO,7825,1.49743141746
WLVO,3788,1.55157044635
WLVO,8387,1.63445552096
WLVO,7826,1.87697065774
SNLN,2416,3.84084769125
SNLN,2415,5.54451068963
SNLN,3507,6.15674881633
SNLN,3506,6.49508173832
SNLN,2417,6.63998373397
SNLN,3505,6.85207459003
SNLN,12797,6.97876034747
SNLN,297,7.02729930965
SNLN,3504,7.20971961919
SNLN,120,7.23087240846
TALB,3217,0.535115922021
TALB,3305,0.805654423435
TALB,13076,1.38459779358
TALB,102,1.45666298436
TALB,2557,1.7534899629
TALB,2558,1.7534899629
TALB,3306,1.96617116498
TALB,103,2.08234124245
TALB,101,2.14851787286
TALB,3322,2.28057208831
HPLN,12797,3.49626809024
HPLN,12799,3.51862191189
HPLN,12798,3.62315560786
HPLN,297,3.93998367494
HPLN,120,3.97920546828
HPLN,2414,4.22975405417
HPLN,2417,4.3120358717
HPLN,2415,5.17897979903
HPLN,2416,7.31604044267
HPLN,4269,9.43295449787
ALFO,12809,0.589926194112
ALFO,12678,0.600111085133
ALFO,12951,1.03711644211
ALFO,12645,1.13876701502
ALFO,3784,1.19272843284
ALFO,3785,1.32493196599
ALFO,3790,1.35752978402
ALFO,12952,1.41751032254
ALFO,1994,1.46883958093
ALFO,66,1.46883958093
YNEN,2415,3.92946267192
YNEN,12797,4.14606547102
YNEN,2417,4.30198894582
YNEN,297,4.43530099204
YNEN,2416,4.4677218904
YNEN,120,4.63846492818
YNEN,12798,4.72119464649
YNEN,12799,4.85694542794
YNEN,2414,7.5685333381
YNEN,319,9.84707189422
NEMQ,2231,0.935855541684
NEMQ,2232,2.81833007203
NEMQ,2233,3.17881282791
NEMQ,2230,3.34892958942
NEMQ,4313,3.38945718293
NEMQ,12955,3.44979579032
NEMQ,7834,3.57781095013
NEMQ,7838,3.69874270461
NEMQ,3787,3.79079550951
NEMQ,7833,3.9880778321
TWKB,12681,0.283246822577
TWKB,2297,0.775289470134
TWKB,2299,0.784215380173
TWKB,1644,0.833708439744
TWKB,3314,0.855794229064
TWKB,2301,0.894175465163
TWKB,3210,0.928332247905
TWKB,3321,1.00569814681
TWKB,3320,1.11708717766
TWKB,3315,1.37367709543
GALN,2414,1.29238988734
GALN,12799,2.34817512569
GALN,12798,2.57882830388
GALN,12797,2.97150507671
GALN,120,3.01970621434
GALN,297,3.1491085756
GALN,2417,3.65037907907
GALN,2415,4.91016788113
GALN,3216,7.26064738304
GALN,2416,7.42397531117
A21,2407,0.67331051529
A21,2234,1.15521039209
A21,13091,1.26151537842
A21,13090,1.26843409368
A21,2409,1.53019706247
A21,12953,1.54645370121
A21,12669,1.54737941372
A21,2408,1.58214444663
A21,12801,1.78633676836
A21,4311,2.00061066927
SRLN,2550,6.36688297728
SRLN,2551,6.36688297728
SRLN,2552,6.36688297728
SRLN,3519,8.42242804578
SRLN,2436,8.70965396823
SRLN,2435,8.70965396823
SRLN,2434,8.70965396823
SRLN,2451,8.74298928436
SRLN,2450,8.74298928436
SRLN,2449,8.74298928436
DSNO,7841,0.11463529125
DSNO,7845,0.177879875197
DSNO,3183,0.218062491043
DSNO,3182,0.297188912983
DSNO,7844,0.458607948034
DSNO,7840,0.544831395938
DSNO,7842,0.575109772131
DSNO,3184,0.681117647694
DSNO,3181,0.715961765739
DSNO,7846,0.742920756205
ANMB,3315,0.365048905354
ANMB,2567,0.619322455026
ANMB,2566,0.619322455026
ANMB,3314,0.860783772675
ANMB,12681,0.89273159645
ANMB,3321,0.904347667272
ANMB,3210,0.984102079715
ANMB,3322,0.987303247893
ANMB,3211,0.998704712765
ANMB,3306,1.18976077566
SOKB,12681,0.339071599518
SOKB,2299,0.526988377101
SOKB,2297,0.547569858192
SOKB,1644,0.63639606347
SOKB,2301,0.653787388682
SOKB,3314,1.10562631553
SOKB,3210,1.18324162773
SOKB,3321,1.25558733253
SOKB,3320,1.37332354149
SOKB,3315,1.45182490322
PTCO,12950,0.439544283321
PTCO,3218,2.2964146788
PTCO,3188,2.46994853732
PTCO,12486,2.47019711299
PTCO,7823,2.48461618304
PTCO,7824,2.57542190272
PTCO,3209,2.64332267743
PTCO,7825,2.79635058192
PTCO,8387,2.91722964077
PTCO,3788,2.93476622187
DIB,314,0.548027240655
DIB,7564,0.76167660887
DIB,7558,1.18587261394
DIB,1151,1.4369811608
DIB,7561,1.51393191937
DIB,115,1.56341934762
DIB,7559,1.69693861306
DIB,7562,1.89452681599
DIB,6517,2.69311062834
DIB,1150,2.80559909048
COQB,3315,0.293824585084
COQB,2567,0.53473665182
COQB,2566,0.53473665182
COQB,3211,0.916325535386
COQB,3314,0.936693592804
COQB,3322,0.946103000101
COQB,3321,0.971405624237
COQB,12681,0.975668430769
COQB,3210,1.05752810213
COQB,3306,1.16771695492
HYT,114,2.57480862201
HYT,3449,2.62898296685
HYT,1176,3.56485054946
HYT,3448,3.74472635048
HYT,121,5.74888158166
HYT,1144,6.55376284588
HYT,1146,6.56796402548
HYT,1147,6.56863817241
HYT,1150,6.70931825449
HYT,1145,7.0355843709
MGTN,2416,3.27153747619
MGTN,2415,3.97963300545
MGTN,2417,4.86759863363
MGTN,12797,5.05568170063
MGTN,297,5.1834517706
MGTN,120,5.39433173415
MGTN,12798,5.63058109418
MGTN,12799,5.82210988028
MGTN,3507,8.11537753023
MGTN,3506,8.41639696415
YRTN,2433,1.15381640221
YRTN,2432,1.15381640221
YRTN,2431,1.15381640221
YRTN,2435,1.96461759383
YRTN,2434,1.96461759383
YRTN,2436,1.96461759383
YRTN,13073,2.32165809068
YRTN,2446,2.40021171774
YRTN,2447,2.40021171774
YRTN,2448,2.40021171774
FPLB,102,0.591690295002
FPLB,2558,1.33610561154
FPLB,2557,1.33610561154
FPLB,103,1.3506505859
FPLB,3217,1.58110145316
FPLB,3305,1.71832587282
FPLB,13076,2.20585779351
FPLB,3306,2.57474538648
FPLB,3322,2.84656948013
FPLB,3323,2.85320132574
YUK3,3448,2.52245327013
YUK3,1176,3.46974934253
YUK3,114,5.65323893887
YUK3,3449,5.68991744228
YUK3,121,6.90308195663
YUK3,1144,8.55710701698
YUK3,1146,8.7075450329
YUK3,1147,8.80185381042
YUK3,11612,8.90521366953
YUK3,1145,9.0295564952
MCMN,2433,1.14129541579
MCMN,2432,1.14129541579
MCMN,2431,1.14129541579
MCMN,2435,2.12133482178
MCMN,2434,2.12133482178
MCMN,2436,2.12133482178
MCMN,13073,2.36069651292
MCMN,2446,2.71360292344
MCMN,2447,2.71360292344
MCMN,2448,2.71360292344
ACKN,2415,3.94200752615
ACKN,12797,4.25231674928
ACKN,2416,4.36291741111
ACKN,2417,4.37283227854
ACKN,297,4.52653533469
ACKN,120,4.7319245066
ACKN,12798,4.83119144065
ACKN,12799,4.97345639734
ACKN,2414,7.72455326451
ACKN,319,9.93541210701
MBC,320,0.190181203067
MBC,4270,1.1811320375
MBC,4273,3.15022489515
MBC,4269,3.89744363526
MBC,4272,6.48000531558
MBC,321,7.28524514962
MBC,4268,7.76587489534
MBC,4271,8.33131747625
MBC,319,8.95804057202
MBC,3234,10.3612093353
GAC,12678,0.00371214223865
GAC,12809,0.204121973339
GAC,3784,0.625651484454
GAC,12951,0.784628434356
GAC,3790,0.932504037525
GAC,3785,0.999379697612
GAC,12059,1.34138204103
GAC,12645,1.41699815808
GAC,3219,1.47420615248
GAC,3789,1.57075197915
CBRQ,3789,0.443131645677
CBRQ,3786,0.556388583096
CBRQ,3787,0.656039522742
CBRQ,12059,0.80307188682
CBRQ,3790,0.963762966398
CBRQ,3785,1.002680934
CBRQ,3783,1.54125904877
CBRQ,12956,1.54480395371
CBRQ,4236,1.59558987694
CBRQ,3784,1.85299979908
ILON,3519,6.86103982521
ILON,3520,7.29695965475
ILON,2550,7.3951080481
ILON,2551,7.3951080481
ILON,2552,7.3951080481
ILON,3521,7.87034770027
ILON,3516,8.7927612593
ILON,3511,8.9734090157
ILON,1415,9.54238188835
ILON,2543,9.67485142227
ILON,2542,9.67485142227
ILON,2541,9.67485142227
DMCQ,12669,1.22550696105
DMCQ,2234,1.68554167898
DMCQ,2233,1.84795202632
DMCQ,2407,2.16143689049
DMCQ,2232,2.17910283181
DMCQ,4311,2.18829367124
DMCQ,2230,2.18907168717
DMCQ,12801,2.21917861192
DMCQ,13090,2.42954014817
DMCQ,12953,2.60250355458
NATG,1583,1.8814669826
NATG,5237,2.62196434121
NATG,94,2.64501020917
NATG,1584,3.00483803334
NATG,6990,3.04155644475
NATG,4312,3.04248543244
NATG,13056,3.29098657041
NATG,6989,3.30232548465
NATG,6987,3.48722477145
NATG,302,3.5139006256
SEDN,2433,0.232968240325
SEDN,2432,0.232968240325
SEDN,2431,0.232968240325
SEDN,2435,1.03050181999
SEDN,2434,1.03050181999
SEDN,2436,1.03050181999
SEDN,2446,1.70316881166
SEDN,2447,1.70316881166
SEDN,2448,1.70316881166
SEDN,2450,2.80642366741
SEDN,2449,2.80642366741
SEDN,2451,2.80642366741
AHCB,12681,0.402923739683
AHCB,3314,0.568724485142
AHCB,3210,0.641631934991
AHCB,3321,0.718468885896
AHCB,3320,0.848886058314
AHCB,1644,1.05252816589
AHCB,2297,1.05962801964
AHCB,2299,1.06732916197
AHCB,2301,1.15157524287
AHCB,3315,1.27738699696
NMSQ,2231,1.0392909478
NMSQ,2232,2.64754412507
NMSQ,2233,3.01715104928
NMSQ,2230,3.12826465859
NMSQ,4313,3.15673885746
NMSQ,12955,3.52436598471
NMSQ,7834,3.77926241404
NMSQ,3787,3.85486449492
NMSQ,7838,3.88172795726
NMSQ,12956,4.00122094044
WHFN,2416,4.14924398764
WHFN,3507,5.6248453729
WHFN,3506,5.97466664083
WHFN,2415,6.01516552299
WHFN,3505,6.34297098125
WHFN,3504,6.71115764001
WHFN,3503,7.08632435533
WHFN,2417,7.14355999968
WHFN,3502,7.47644516258
WHFN,12797,7.5126478068
KAJQ,7529,0.556381553343
KAJQ,7592,0.621405369224
KAJQ,7591,0.932489588628
KAJQ,5217,1.0151790152
KAJQ,5220,1.28620380691
KAJQ,7590,1.32206914831
KAJQ,5214,1.37030231442
KAJQ,5219,1.49611671767
KAJQ,7589,1.72920618577
KAJQ,5218,1.85132661432
RAYA,106,0.820776879115
RAYA,107,0.921438812558
RAYA,105,1.11549651962
RAYA,108,1.39336731887
RAYA,11,1.77445742842
RAYA,12402,1.80270120799
RAYA,4849,1.98458294996
RAYA,4848,1.99055180422
RAYA,4846,2.10590657088
RAYA,104,2.12455860952
YBKN,13073,2.81436440604
YBKN,2555,3.74043620585
YBKN,2553,3.74043620585
YBKN,2554,3.74043620585
YBKN,2433,4.90480427846
YBKN,2432,4.90480427846
YBKN,2431,4.90480427846
YBKN,2162,5.3457887173
YBKN,2161,5.68247507782
YBKN,2475,5.80878429708
YBKN,2474,5.80878429708
YBKN,2476,5.80878429708
PINU,3520,2.30584939881
PINU,3519,2.32333197154
PINU,3521,2.78585919422
PINU,3516,3.89645780806
PINU,3511,4.04801302493
PINU,1415,5.62635792054
PINU,1416,7.31529722226
PINU,1417,7.80231782549
PINU,1418,8.73191636756
PINU,1419,9.35082046935
LDGN,2415,3.82417530064
LDGN,2416,3.95570099097
LDGN,12797,4.38895854731
LDGN,2417,4.40740149408
LDGN,297,4.61716782563
LDGN,120,4.82714917213
LDGN,12798,4.97385354931
LDGN,12799,5.13449030869
LDGN,2414,8.0006134971
LDGN,3507,9.40549987667
HMNT,4270,5.43978577244
HMNT,4269,5.52559637053
HMNT,320,5.65394669678
HMNT,4273,6.44293824664
HMNT,2414,7.29161266456
HMNT,4272,7.37357289582
HMNT,4268,7.4998326148
HMNT,4271,8.25432706221
HMNT,12799,8.30451860435
HMNT,319,8.40562497676
STCO,12950,0.0877906600955
STCO,3218,1.97471091555
STCO,7823,2.16974173578
STCO,12486,2.18441186593
STCO,7824,2.23356110281
STCO,3188,2.24934995054
STCO,3209,2.3476139376
STCO,7825,2.44377560345
STCO,3788,2.60388540454
STCO,8387,2.63204923966
KRSQ,7589,2.54451423342
KRSQ,7590,2.95371658832
KRSQ,7591,3.35469916447
KRSQ,3446,3.61017928697
KRSQ,7592,3.7589880931
KRSQ,7529,4.53585395313
KRSQ,5214,5.00152857476
KRSQ,5217,5.07560204154
KRSQ,5218,5.32122345745
KRSQ,5219,5.34669646456
THAB,3310,0.233534922442
THAB,3319,0.513204208868
THAB,101,0.724609246422
THAB,3320,0.919879644301
THAB,3210,1.14570963163
THAB,3314,1.23810280672
THAB,3321,1.27334149387
THAB,12681,1.59784184449
THAB,3309,1.62604998693
THAB,2297,1.7550528653
SNQN,12919,1.64037147043
SNQN,12910,1.64037147043
SNQN,12920,1.64037147043
SNQN,12955,2.3190810596
SNQN,2545,3.37876568602
SNQN,2544,3.37876568602
SNQN,2546,3.37876568602
SNQN,2549,4.06822951184
SNQN,2548,4.06822951184
SNQN,2547,4.06822951184
PECO,12486,0.3849469279
PECO,3209,0.513591021436
PECO,8387,0.535662148467
PECO,7823,0.750497659757
PECO,3218,0.861291667962
PECO,3219,1.12506032607
PECO,3788,1.15306224346
PECO,7824,1.26449631763
PECO,12847,1.61388107905
PECO,12951,1.67068995846
LGSN,2416,3.75679852491
LGSN,2415,3.92433321174
LGSN,2417,4.62176597815
LGSN,12797,4.6749981772
LGSN,297,4.87000746989
LGSN,120,5.08158494535
LGSN,12798,5.25973420971
LGSN,12799,5.43157965575
LGSN,2414,8.36095142653
LGSN,3507,8.95516302235
UBRB,102,0.900968432577
UBRB,3217,1.42739424004
UBRB,2558,1.60121544974
UBRB,2557,1.60121544974
UBRB,3305,1.64389577422
UBRB,103,1.65814411813
UBRB,13076,2.17758005972
UBRB,3306,2.62563103206
UBRB,3322,2.91457446577
UBRB,101,3.03364604338
JOSN,2433,0.489236307933
JOSN,2432,0.489236307933
JOSN,2431,0.489236307933
JOSN,2435,1.36208618119
JOSN,2434,1.36208618119
JOSN,2436,1.36208618119
JOSN,2446,1.95927363199
JOSN,2447,1.95927363199
JOSN,2448,1.95927363199
JOSN,13073,2.97572054551
BWLO,3188,1.28938962525
BWLO,3187,1.30112720581
BWLO,7839,1.71402188017
BWLO,3186,1.72662619165
BWLO,3184,1.98117788341
BWLO,7840,2.08104997674
BWLO,12950,2.18507395886
BWLO,7844,2.3370879756
BWLO,3183,2.33864935501
BWLO,7841,2.46261807954
DSMN,12797,0.733503208582
DSMN,297,1.01800361345
DSMN,2417,1.04976690603
DSMN,120,1.21345191788
DSMN,12798,1.31873801682
DSMN,12799,1.4912478523
DSMN,2415,1.71185973637
DSMN,2416,4.04526789681
DSMN,2414,4.56085473974
DSMN,3213,7.41384589515
YUK7,1176,2.91401745396
YUK7,114,3.04230533017
YUK7,3449,3.26250243249
YUK7,3448,3.7441243732
YUK7,121,6.30652415535
YUK7,1144,6.44231605263
YUK7,1146,6.50449377907
YUK7,1147,6.53992034523
YUK7,1150,6.72384387995
YUK7,11612,6.89444539626
YUK6,1176,3.1106350274
YUK6,3448,3.28174473012
YUK6,114,3.39806846219
YUK6,3449,3.49413641315
YUK6,121,6.07276484591
YUK6,1144,6.90493321283
YUK6,1146,6.97112500775
YUK6,1147,7.00815800861
YUK6,1150,7.19258461707
YUK6,11612,7.35124932741
YUK5,3449,3.01637874611
YUK5,114,3.03572046473
YUK5,3448,3.30441443224
YUK5,1176,3.55634204485
YUK5,121,5.64605072064
YUK5,1144,6.93625956406
YUK5,1146,6.96775291898
YUK5,1147,6.97979560876
YUK5,1150,7.1334473251
YUK5,11612,7.41466673155
YUK4,3448,2.75744532675
YUK4,1176,3.4497676342
YUK4,3449,3.74727510733
YUK4,114,3.78231103031
YUK4,121,5.7807693891
YUK4,1144,7.42962211219
YUK4,1146,7.49540317328
YUK4,1147,7.53089069965
YUK4,1150,7.71202092386
YUK4,11612,7.87439564221
BVCY,3448,2.20716442962
BVCY,1176,4.16382062767
BVCY,3449,6.23257390004
BVCY,114,6.28582335254
BVCY,121,6.87061163357
BVCY,3294,9.10840750183
BVCY,1144,9.31111094443
BVCY,3295,9.4068277979
BVCY,12680,9.41519495387
BVCY,1146,9.46146454939
YUK2,3448,2.71455576476
YUK2,1176,3.52701134106
YUK2,114,6.00493705213
YUK2,3449,6.06445422112
YUK2,121,7.21498142756
YUK2,1144,8.75250506998
YUK2,1146,8.9186586996
YUK2,1147,9.02402487807
YUK2,11612,9.08037185362
YUK2,1145,9.22074188989
YUK1,3448,2.22084276346
YUK1,1176,3.85315151272
YUK1,3449,5.84275248321
YUK1,114,5.8725247194
YUK1,121,6.73525237686
YUK1,1144,8.91792400618
YUK1,1146,9.06156523896
YUK1,3294,9.1162609978
YUK1,1147,9.15044253465
YUK1,11612,9.27313962906
SLEB,3301,0.0745505197836
SLEB,3297,0.213442685515
SLEB,308,0.460792556363
SLEB,3203,0.543306340843
SLEB,2556,0.810338065254
SLEB,3296,0.909493144559
SLEB,3302,0.975847211401
SLEB,3313,0.994433396463
SLEB,3300,1.02254475697
SLEB,309,1.18129495893
MUMO,2154,1.18542061468
MUMO,112,1.6788793982
MUMO,2153,1.86722650841
MUMO,2152,2.84877402293
MUMO,13105,3.02965246088
MUMO,2155,3.11887085877
MUMO,13106,3.40750234537
MUMO,2163,3.4540624247
MUMO,12794,3.73555209222
MUMO,3166,3.75865989865
ALE,7892,0.00299800066712
ALE,1420,11.2867534087
ALE,1419,12.2475708689
ALE,1418,12.8455164781
ALE,1417,13.4642265648
ALE,1416,13.8031952384
ALE,1415,15.0432411796
ALE,3511,15.0976487967
ALE,3516,15.30874651
ALE,3521,15.6765758464
LATQ,12801,1.58094729165
LATQ,12669,1.76310746666
LATQ,2234,1.98820607055
LATQ,2408,2.04782406446
LATQ,12953,2.06887829004
LATQ,13090,2.11680701978
LATQ,2409,2.16485395789
LATQ,12956,2.28413889661
LATQ,13091,2.28761408437
LATQ,2407,2.43547245088
A64,2407,0.503569061798
A64,2234,0.947941875855
A64,13090,1.19869670893
A64,13091,1.23000398373
A64,12669,1.32084435116
A64,2409,1.49422414651
A64,12953,1.49518754676
A64,2408,1.5297090573
A64,12801,1.67416659864
A64,4311,1.85673202159
HGVO,12950,1.05588801925
HGVO,3188,2.17982657778
HGVO,7839,2.76206232899
HGVO,3187,2.79548248236
HGVO,3218,2.89684661472
HGVO,7824,3.0850972609
HGVO,7823,3.10260521324
HGVO,3184,3.12522336949
HGVO,12486,3.15321421873
HGVO,7825,3.18822977673
STLN,2433,4.23973528972
STLN,2432,4.23973528972
STLN,2431,4.23973528972
STLN,2435,4.99379898743
STLN,2434,4.99379898743
STLN,2436,4.99379898743
STLN,13073,5.40650882982
STLN,2446,5.90631100831
STLN,2447,5.90631100831
STLN,2448,5.90631100831
A61,2407,0.273852708221
A61,2234,0.757576600615
A61,13090,0.967194761049
A61,13091,1.01361980338
A61,12669,1.16912843854
A61,12953,1.26805784797
A61,2409,1.27319405662
A61,2408,1.30197008637
A61,12801,1.43469826298
A61,4311,1.98857298227
SMPN,12680,6.86675860339
SMPN,3295,7.37380901008
SMPN,7313,8.35410793067
SMPN,7312,8.3897731386
SMPN,7314,8.57501926046
SMPN,121,8.63385205555
SMPN,3294,8.65035440414
SMPN,7315,8.77241376801
SMPN,7316,9.25491228036
SMPN,2414,9.46019435938
BATG,13072,0.64652220975
BATG,302,1.13213805152
BATG,12810,1.15069116956
BATG,6989,1.56949149972
BATG,1584,1.70683624513
BATG,12370,1.77214355166
BATG,12679,1.89672975611
BATG,12789,1.92290201719
BATG,94,2.15148836104
BATG,6990,2.46098304905
KANO,314,0.476416981225
KANO,7564,0.926603011003
KANO,1151,1.28735509476
KANO,7558,1.31894394877
KANO,115,1.45867718841
KANO,7561,1.67341242376
KANO,7559,1.81943978741
KANO,7562,2.04388726206
KANO,1150,2.64066907052
KANO,6517,2.68589149818
YKW1,297,0.0339152885879
YKW1,120,0.243287991483
YKW1,12797,0.437047190587
YKW1,2417,0.496535443649
YKW1,12798,0.584799321819
YKW1,12799,0.817330194475
YKW1,2415,1.75479327751
YKW1,2414,3.97435250661
YKW1,2416,4.27291084002
YKW1,3213,6.51099607179
SCH,4310,0.246888193318
SCH,12954,0.453234795663
SCH,2428,0.945525134515
SCH,2424,2.38077965801
SCH,4312,3.23384597345
SCH,6484,3.25190310126
SCH,2426,3.35391857087
SCH,6485,3.99526166602
SCH,7591,4.30176310133
SCH,7592,4.37524556797
MNT,12952,0.453709003658
MNT,12349,0.993607497959
MNT,12645,1.49339675237
MNT,3227,1.50295304651
MNT,3224,1.59136540744
MNT,3225,1.70801459596
MNT,12354,1.71050280912
MNT,12790,1.71112765742
MNT,12350,1.72436766961
MNT,3226,1.73465323912
YKW3,297,0.0339152885879
YKW3,120,0.243287991483
YKW3,12797,0.437047190587
YKW3,2417,0.496535443649
YKW3,12798,0.584799321819
YKW3,12799,0.817330194475
YKW3,2415,1.75479327751
YKW3,2414,3.97435250661
YKW3,2416,4.27291084002
YKW3,3213,6.51099607179
KGNO,8387,0.420479963851
KGNO,3219,0.568083972666
KGNO,3209,0.693921753514
KGNO,12486,0.74660525045
KGNO,7823,1.00337998784
KGNO,12951,1.09664916906
KGNO,12847,1.14984494607
KGNO,3788,1.15927192669
KGNO,3218,1.19367642182
KGNO,3784,1.34137518987
GHNB,3320,0.416469938891
GHNB,3210,0.501247653361
GHNB,3314,0.570234346563
GHNB,3321,0.636959347211
GHNB,3310,0.915345404752
GHNB,3319,1.00117291713
GHNB,12681,1.02441066472
GHNB,101,1.03151694606
GHNB,2297,1.47532342556
GHNB,13076,1.54345236726
BUKO,3188,0.991510918195
BUKO,7826,1.09880876448
BUKO,7839,1.11134544625
BUKO,3782,1.25633534572
BUKO,7825,1.35038694488
BUKO,3184,1.39553441409
BUKO,7827,1.4219215523
BUKO,7828,1.49798641546
BUKO,12662,1.51239396352
BUKO,7840,1.52103159103
ILKN,12797,1.40201615747
ILKN,12799,1.4114863463
ILKN,12798,1.49416809824
ILKN,297,1.82381537054
ILKN,120,1.84852609011
ILKN,2417,2.23726362009
ILKN,2415,3.27666478386
ILKN,2414,3.39870762288
ILKN,2416,5.65763334848
ILKN,6963,7.99686554256
PKRO,12950,0.685667448549
PKRO,3218,1.50223694869
PKRO,7824,1.63430959429
PKRO,7823,1.7168173607
PKRO,3188,1.72355964504
PKRO,7825,1.74567232034
PKRO,12486,1.85003725638
PKRO,3209,1.96448055475
PKRO,7826,1.96888289393
PKRO,3788,2.05506492598
MATQ,7838,1.37767051779
MATQ,7834,1.42572142987
MATQ,2231,1.55213025084
MATQ,7833,1.73242200274
MATQ,7832,1.88383550651
MATQ,7837,1.97149566968
MATQ,3787,2.05964043357
MATQ,7831,2.13266173961
MATQ,3190,2.44634867416
MATQ,7836,2.5638890139
BMBC,3212,1.9253950244
BMBC,6964,2.443314552
BMBC,3232,2.83153421311
BMBC,7319,2.86031222072
BMBC,6960,3.00236340239
BMBC,103,3.0397411074
BMBC,7318,3.09379798953
BMBC,3214,3.21246105035
BMBC,102,3.21445267503
BMBC,6966,3.47401583186
FSMA,2416,1.24173172626
FSMA,2415,2.10264635162
FSMA,2417,3.25024947966
FSMA,297,3.74903316603
FSMA,120,3.85690260183
FSMA,12797,4.04090208741
FSMA,12798,4.30568109363
FSMA,12799,4.53159946156
FSMA,3213,6.21682762187
FSMA,6963,6.40926093087
LAIN,2550,6.91881034301
LAIN,2551,6.91881034301
LAIN,2552,6.91881034301
LAIN,3519,8.14692865824
LAIN,3520,8.72232460772
LAIN,2436,8.90451399923
LAIN,2435,8.90451399923
LAIN,2434,8.90451399923
LAIN,2451,9.0569215831
LAIN,2450,9.0569215831
LAIN,2449,9.0569215831
HOPB,3211,0.448086531822
HOPB,2567,0.820348425975
HOPB,2566,0.820348425975
HOPB,3304,0.90827943938
HOPB,3298,1.01344044719
HOPB,3315,1.08819646204
HOPB,2559,1.23745122732
HOPB,2560,1.23745122732
HOPB,2562,1.28987035783
HOPB,2561,1.28987035783
PHYB,3314,0.441059463111
PHYB,3210,0.488323100007
PHYB,12681,0.584673797942
PHYB,3321,0.584973033567
PHYB,3320,0.668530814548
PHYB,2297,1.20291872128
PHYB,2299,1.23566720843
PHYB,1644,1.23631769784
PHYB,3319,1.28832195122
PHYB,3310,1.31755206728
YOSQ,2429,0.234876550128
YOSQ,4313,0.837298509374
YOSQ,2425,1.73233374204
YOSQ,2230,2.07306758062
YOSQ,2232,3.28529511518
YOSQ,2233,3.49872811087
YOSQ,4311,3.87214157719
YOSQ,2427,4.03507843713
YOSQ,2424,4.33303281707
YOSQ,2231,4.74812112249
SILB,12681,0.175237785024
SILB,1644,0.546384188369
SILB,2301,0.722071105432
SILB,2299,0.77384370599
SILB,2297,0.925176783809
SILB,3314,0.990760960727
SILB,3315,1.01519716376
SILB,3210,1.10290828327
SILB,3321,1.12850045693
SILB,2567,1.28226115955
SILB,2566,1.28226115955
GLBC,12681,0.315011898505
GLBC,2299,0.521602239451
GLBC,2297,0.562390341489
GLBC,1644,0.605331063303
GLBC,2301,0.632794355379
GLBC,3314,1.10584560233
GLBC,3210,1.18678881702
GLBC,3321,1.25562633622
GLBC,3320,1.38399801163
GLBC,3315,1.42145471127
SILO,2473,0.78165512651
SILO,2471,0.78165512651
SILO,2472,0.78165512651
SILO,2167,4.45323903881
SILO,2166,4.72917987994
SILO,3242,4.77785490956
SILO,2165,4.81595547496
SILO,3150,5.01229503689
SILO,2489,5.13262248142
SILO,2491,5.13262248142
SILO,2490,5.13262248142
RLKO,3172,0.251552002576
RLKO,12795,0.464612107031
RLKO,3177,0.492826957461
RLKO,3167,0.619417799228
RLKO,3166,0.626241494952
RLKO,12794,0.710856110616
RLKO,3173,0.74483448497
RLKO,3168,0.935509705989
RLKO,111,1.09730506697
RLKO,3162,1.10117138085
DRWO,12950,0.708840827618
DRWO,3218,1.23071234612
DRWO,7823,1.43925537654
DRWO,7824,1.44281358425
DRWO,12486,1.5324121831
DRWO,7825,1.65431301116
DRWO,3209,1.66290815107
DRWO,3788,1.83098789698
DRWO,7826,1.96328006125
DRWO,8387,1.96686022861
HOLB,3309,1.86438233472
HOLB,2430,1.98172134519
HOLB,1089,2.18881508812
HOLB,100,2.39793692369
HOLB,1508,2.41846262944
HOLB,1430,2.47645381342
HOLB,1087,2.59480856519
HOLB,101,3.19662501554
HOLB,3310,3.29007925284
HOLB,7562,3.42818574322
PMB,3306,0.0787762019902
PMB,3322,0.393033955276
PMB,13076,0.655618555259
PMB,3321,1.06937630888
PMB,3305,1.17792431421
PMB,3314,1.19444785989
PMB,3210,1.1992679809
PMB,3320,1.3107195314
PMB,3315,1.39363039935
PMB,2567,1.4372980519
PMB,2566,1.4372980519
LSQQ,3787,1.16950804178
LSQQ,7838,1.78312899135
LSQQ,2231,1.78908794076
LSQQ,7834,2.0705696945
LSQQ,3786,2.1128957333
LSQQ,7832,2.12765570518
LSQQ,7831,2.17357344476
LSQQ,7833,2.20219263003
LSQQ,3789,2.23372533669
LSQQ,12956,2.30726423276
DHRN,2414,3.68834685682
DHRN,12799,5.91283924491
DHRN,12798,6.13213516943
DHRN,12797,6.40546694131
DHRN,120,6.58458686147
DHRN,297,6.68016202919
DHRN,2417,7.17802036332
DHRN,2415,8.38375252117
DHRN,7319,8.90417910513
DHRN,320,9.22311443799
WAPA,6960,0.0170564064211
WAPA,3214,0.214025514834
WAPA,6966,0.63778046458
WAPA,6964,0.761279134746
WAPA,3232,0.917843080815
WAPA,3212,1.15179204764
WAPA,6967,1.52099898784
WAPA,1408,1.58441280006
WAPA,3215,1.68365849298
WAPA,3216,1.89535435236
HFRN,2416,2.67912824568
HFRN,2415,3.93755560682
HFRN,2417,4.98907544108
HFRN,12797,5.31271879143
HFRN,297,5.36659535989
HFRN,120,5.5714449254
HFRN,12798,5.86375962645
HFRN,12799,6.07236284792
HFRN,3507,7.32242430871
HFRN,3506,7.60868073695
CRLN,2550,2.01341374496
CRLN,2551,2.01341374496
CRLN,2552,2.01341374496
CRLN,2493,4.57106383874
CRLN,2492,4.57106383874
CRLN,2494,4.57106383874
CRLN,2543,4.6616991679
CRLN,2542,4.6616991679
CRLN,2541,4.6616991679
CRLN,2489,5.16524898103
CRLN,2491,5.16524898103
CRLN,2490,5.16524898103
SULB,102,1.19806074545
SULB,3217,1.77907603823
SULB,103,1.94483535288
SULB,2558,1.99684259515
SULB,2557,1.99684259515
SULB,3305,2.0598428459
SULB,13076,2.61520858629
SULB,2430,2.99422623557
SULB,3306,3.09248242514
SULB,101,3.34091866854
OZB,3319,0.424249843842
OZB,3310,0.448818370836
OZB,101,1.15057721601
OZB,3309,1.34257883567
OZB,3320,1.57703770722
OZB,3210,1.78984634257
OZB,3314,1.8722734656
OZB,3321,1.92088987972
OZB,2297,1.95782632784
OZB,12681,2.06623278698
NWRL,13056,1.53189753903
NWRL,7006,2.57231784002
NWRL,7572,2.59443039415
NWRL,7571,2.63525749598
NWRL,7007,2.81231969557
NWRL,7600,2.94246367354
NWRL,7005,2.94472003255
NWRL,7569,2.95801725318
NWRL,6488,3.03185241562
NWRL,6487,3.1791621648
GIFN,3519,6.24541799515
GIFN,3520,6.72020799337
GIFN,3521,7.33772069611
GIFN,2550,8.04487471339
GIFN,2551,8.04487471339
GIFN,2552,8.04487471339
GIFN,3516,8.19419581985
GIFN,3511,8.37809762142
GIFN,1415,9.24546196867
GIFN,2543,10.3043852225
GIFN,2542,10.3043852225
GIFN,2541,10.3043852225
SMLN,2433,5.17075561848
SMLN,2432,5.17075561848
SMLN,2431,5.17075561848
SMLN,2435,5.69144175636
SMLN,2434,5.69144175636
SMLN,2436,5.69144175636
SMLN,2446,6.59652387747
SMLN,2447,6.59652387747
SMLN,2448,6.59652387747
SMLN,13073,6.94202858435
PNGN,7530,2.76895743685
PNGN,5218,3.25664693928
PNGN,5214,3.50851075316
PNGN,5219,3.78185262631
PNGN,5215,3.79479035493
PNGN,7592,4.0135354016
PNGN,7529,4.03883214164
PNGN,5217,4.09784915597
PNGN,7591,4.15021629166
PNGN,7590,4.21245593286
KHVB,12681,0.0828198647668
KHVB,1644,0.599040173945
KHVB,2299,0.695143963507
KHVB,2301,0.716225613896
KHVB,2297,0.793375781077
KHVB,3314,0.960077668733
KHVB,3210,1.05855143002
KHVB,3321,1.10616867159
KHVB,3315,1.18227286614
KHVB,3320,1.29660677539
QCQ,12801,0.110972113614
QCQ,2408,0.426031465974
QCQ,12953,0.449442777225
QCQ,2409,0.543001666664
QCQ,13090,0.591238369864
QCQ,13091,0.706309287777
QCQ,2234,1.11930818366
QCQ,2407,1.2570619754
QCQ,12669,1.34433210555
QCQ,12668,1.47277656486
QCQ,12643,1.47277656486
LUPN,12797,4.35850843927
LUPN,2415,4.41449637164
LUPN,2417,4.63054880281
LUPN,297,4.69682018127
LUPN,120,4.88997376426
LUPN,12798,4.91211622574
LUPN,12799,5.02117880733
LUPN,2416,5.13244653311
LUPN,2414,7.53335443313
LUPN,319,9.2128018222
FNBB,7319,0.142148689758
FNBB,7318,0.826054628944
FNBB,7317,1.8501233067
FNBB,7316,2.74249088421
FNBB,7315,3.23900698517
FNBB,3212,4.15587418602
FNBB,7314,4.20940331282
FNBB,6964,4.52821004924
FNBB,3232,4.64200455084
FNBB,3216,4.75989624362
WALA,6505,0.995293027204
WALA,3318,1.148893472
WALA,106,1.75376344186
WALA,6504,1.82079274219
WALA,105,1.85113916549
WALA,107,2.13074311216
WALA,6503,2.1952098328
WALA,104,2.2615870998
WALA,3317,2.4490908946
WALA,108,2.51543559051
IVKQ,2548,2.4537163375
IVKQ,2547,2.4537163375
IVKQ,2549,2.4537163375
IVKQ,2546,3.42549617791
IVKQ,2545,3.42549617791
IVKQ,2544,3.42549617791
IVKQ,12919,4.46317336263
IVKQ,12910,4.46317336263
IVKQ,12920,4.46317336263
IVKQ,3446,4.88568243594
FHRB,3309,0.726043834765
FHRB,101,2.11928045572
FHRB,3310,2.12633949547
FHRB,2430,2.34849007875
FHRB,3319,2.37623855074
FHRB,1089,2.93411820655
FHRB,3320,3.03925149502
FHRB,3217,3.07937812715
FHRB,1430,3.25878407539
FHRB,100,3.26312360324
CPLB,3319,0.396338103392
CPLB,3310,0.752552916545
CPLB,2297,1.15315458296
CPLB,3320,1.26815057947
CPLB,12681,1.30175031869
CPLB,3210,1.34311827186
CPLB,3314,1.37618381483
CPLB,2299,1.39802699981
CPLB,101,1.41031127493
CPLB,3321,1.47744336345
CLPO,3788,0.411161751261
CLPO,8387,0.804134681319
CLPO,3783,0.834565626958
CLPO,3209,0.848889148064
CLPO,7824,0.852637781065
CLPO,7823,0.865264228834
CLPO,3784,0.929539233007
CLPO,3218,1.03485940383
CLPO,12486,1.05276938866
CLPO,7825,1.09407823564
CHGQ,2232,0.466701176224
CHGQ,2233,0.650381832379
CHGQ,2230,1.73156654157
CHGQ,12956,2.168688707
CHGQ,2231,2.25536286834
CHGQ,4313,3.03834758181
CHGQ,3787,3.06840270628
CHGQ,3786,3.09396530489
CHGQ,3785,3.48794989756
CHGQ,2425,3.64000340218
A16,2407,0.392083307474
A16,13090,0.875258430408
A16,13091,0.875984771557
A16,2234,0.900045176644
A16,2409,1.1439166578
A16,12953,1.1557894791
A16,2408,1.19129732645
A16,12669,1.3412894244
A16,12801,1.39969758162
A16,12674,1.82560710998
A11,2407,0.429319333364
A11,13091,0.578220623984
A11,13090,0.589834798906
A11,2409,0.846241744421
A11,2234,0.857016388408
A11,12953,0.860335452019
A11,2408,0.896051946039
A11,12801,1.13816215453
A11,12669,1.31708886944
A11,12674,1.58306256667
RSNT,297,0.0396056966105
RSNT,120,0.251368914554
RSNT,12797,0.450304842528
RSNT,2417,0.477394439855
RSNT,12798,0.602821409046
RSNT,12799,0.835393351185
RSNT,2415,1.73648827557
RSNT,2414,3.99102326869
RSNT,2416,4.25470812762
RSNT,3213,6.50318678274
PIMB,3315,0.167841315831
PIMB,2567,0.43273907531
PIMB,2566,0.43273907531
PIMB,3211,0.806478956514
PIMB,12681,1.00215852404
PIMB,3322,1.02910820971
PIMB,3314,1.05827345582
PIMB,3321,1.10006668312
PIMB,3210,1.18152550006
PIMB,3306,1.27035455968
HOWN,2416,4.85334238361
HOWN,3507,4.86933943782
HOWN,3506,5.24506306063
HOWN,3505,5.63767500703
HOWN,3504,6.02761971546
HOWN,3503,6.42269564775
HOWN,3502,6.83142096188
HOWN,2415,6.8801108193
HOWN,3501,7.23434394453
HOWN,3474,7.44907012044
COKN,2416,3.31080200755
COKN,2415,4.55680391647
COKN,2417,5.56555250925
COKN,12797,5.83765897712
COKN,297,5.92204599216
COKN,120,6.12981623976
COKN,12798,6.40057343784
COKN,12799,6.60242827551
COKN,3507,7.23959437629
COKN,3506,7.55297419122
MNTQ,12952,0.451476641793
MNTQ,12349,0.991411780284
MNTQ,12645,1.492158503
MNTQ,3227,1.50074793956
MNTQ,3224,1.58922753503
MNTQ,3225,1.70605840993
MNTQ,12354,1.70833648854
MNTQ,12790,1.70935995568
MNTQ,12350,1.72282315346
MNTQ,3226,1.73290252412
KSVO,12349,0.0453538311502
KSVO,12952,0.506794800684
KSVO,3227,0.553016247501
KSVO,3224,0.896881803807
KSVO,12790,0.945049718269
KSVO,12354,0.96396315801
KSVO,3226,0.975397852161
KSVO,12645,1.04521431774
KSVO,12350,1.07606271657
KSVO,1993,1.16051495897
DELO,3218,0.0560087582437
DELO,7823,0.169018877644
DELO,7824,0.445362976683
DELO,3209,0.468860086806
DELO,12486,0.475479527425
DELO,3788,0.60162428558
DELO,8387,0.771545060901
DELO,7825,0.96421490395
DELO,7826,1.4812283352
DELO,3783,1.52593446157
HSMO,7830,0.51048556101
HSMO,7829,0.783925447986
HSMO,12662,0.914907595334
HSMO,7831,1.01687615175
HSMO,7846,1.02501936957
HSMO,7832,1.28710042654
HSMO,7828,1.28995608762
HSMO,3782,1.42073104703
HSMO,3183,1.59662528729
HSMO,7837,1.60512164897
ULM,3171,0.279294772699
ULM,3170,0.450512563706
ULM,3165,0.450802140697
ULM,110,0.642851748117
ULM,12735,0.680196964163
ULM,3176,0.760095105929
ULM,3175,0.838272372238
ULM,12736,0.847522701794
ULM,3169,0.909899758246
ULM,3164,0.910043169337
ICQ,13072,2.09720587926
ICQ,2426,2.11993407916
ICQ,2427,2.14217938091
ICQ,12810,2.46306201708
ICQ,4311,2.73268887728
ICQ,4312,3.03279714125
ICQ,302,3.07871572251
ICQ,12789,3.08893031647
ICQ,2424,3.23408634702
ICQ,1584,3.3574178322
PFB,3319,0.698370166889
PFB,2297,0.902689808295
PFB,3310,0.981932222712
PFB,12681,0.99309158188
PFB,2299,1.11930732598
PFB,3320,1.17841456627
PFB,3210,1.18046723377
PFB,3314,1.18715664089
PFB,3321,1.3077961959
PFB,2301,1.35917213406
VDBQ,12678,0.244707277579
VDBQ,12809,0.441524689797
VDBQ,3784,0.658224013312
VDBQ,3790,0.691043596092
VDBQ,3785,0.761874039261
VDBQ,12951,0.991812911642
VDBQ,12059,1.14024183913
VDBQ,3789,1.34543712291
VDBQ,3786,1.34861019264
VDBQ,12645,1.65629938468
ELFO,3187,2.15708801165
ELFO,3188,2.16913132152
ELFO,12950,2.19802244984
ELFO,3186,2.42790829522
ELFO,7839,2.64281037723
ELFO,3184,2.92166710801
ELFO,7840,3.0224511063
ELFO,7844,3.22329500512
ELFO,3183,3.27535840634
ELFO,7841,3.39108016567
NLLB,3210,0.386127401255
NLLB,3314,0.396626234634
NLLB,3320,0.485666933196
NLLB,3321,0.511461015132
NLLB,12681,0.789266982712
NLLB,3310,1.16211977438
NLLB,3319,1.1912146616
NLLB,101,1.27312700466
NLLB,2297,1.35347566288
NLLB,2299,1.4137738044
GFNU,3519,5.16268496424
GFNU,3520,6.28628221129
GFNU,3516,6.59277392605
GFNU,3511,6.79100640848
GFNU,3521,7.40988340259
GFNU,13074,9.40379625683
GFNU,1415,11.5471279563
GFNU,3325,12.107417728
GFNU,3324,12.1141885424
GFNU,1416,13.0887380614
NOTN,2548,3.35664261636
NOTN,2547,3.35664261636
NOTN,2549,3.35664261636
NOTN,2546,4.01797018004
NOTN,2545,4.01797018004
NOTN,2544,4.01797018004
NOTN,12919,5.24681549961
NOTN,12910,5.24681549961
NOTN,12920,5.24681549961
NOTN,2543,5.34348521697
NOTN,2542,5.34348521697
NOTN,2541,5.34348521697
PEMO,3783,0.336938484593
PEMO,3788,0.641532806955
PEMO,7825,0.856650887118
PEMO,7824,0.898454418655
PEMO,4236,1.00626653646
PEMO,12059,1.08563692936
PEMO,7826,1.1201383586
PEMO,7823,1.16521017091
PEMO,7827,1.1704848322
PEMO,3784,1.18988652501
